id,web_name,first_name,second_name,team,team_code,element_type,now_cost,cost_change_event,cost_change_start,status,chance_of_playing_next_round,chance_of_playing_this_round,news,news_added,selected_by_percent,transfers_in_event,transfers_out_event,form,points_per_game,total_points,event_points,minutes,starts,goals_scored,assists,clean_sheets,goals_conceded,bonus,bps,expected_goals,expected_assists,expected_goal_involvements,expected_goals_conceded,expected_goals_per_90,expected_assists_per_90,expected_goal_involvements_per_90,expected_goals_conceded_per_90,defensive_contribution,defensive_contribution_per_90,clearances_blocks_interceptions,recoveries,tackles,saves,saves_per_90,starts_per_90,penalties_order,corners_and_indirect_freekicks_order,direct_freekicks_order,ep_next,ep_this,dreamteam_count,value_form,value_season
1,Raya,David,Raya Martín,1,3,1,61,0,1,a,,,,,43.7,1784,871,6.0,5.5,33,3,540,6,0,0,3,5,3,122,0.00,0.01,0.01,4.71,0.0,0.0,0.0,0.78,0,0.0,7,71,1,13,2.17,1.0,,,,6.0,6.0,2,1.0,5.4
2,Arrizabalaga,Kepa,Arrizabalaga Revuelta,1,3,1,49,0,-1,a,,,,,0.1,4,2,0.0,0.0,0,0,0,0,0,0,0,0,0,0,0.00,0.00,0.00,0.00,0,0,0,0,0,0,0,0,0,0,0,0,,,,0.0,0.0,0,0.0,0.0
3,Meslier,Illan,Meslier,1,3,1,49,0,-1,a,,,,,0.0,2,3,0.0,0.0,0,0,0,0,0,0,0,0,0,0,0.00,0.00,0.00,0.00,0,0,0,0,0,0,0,0,0,0,0,0,,,,0.0,0.0,0,0.0,0.0
4,Gabriel,Gabriel,dos Santos Magalhães,1,3,2,80,0,0,a,,,,,22.4,603,4477,4.0,4.5,27,2,540,6,0,0,3,5,2,97,0.51,0.21,0.72,4.71,0.08,0.04,0.12,0.78,46,7.67,40,18,6,0,0.0,1.0,,,,4.0,4.0,0,0.5,3.4
5,J.Timber,Jurriën,Timber,1,3,2,65,0,0,a,100,100,,2026-07-23T12:01:23.272929Z,0.6,322,419,0.7,0.7,2,1,131,1,0,0,0,3,0,0,0.00,0.08,0.08,2.20,0.0,0.05,0.05,1.51,6,4.12,3,8,3,0,0.0,0.69,,,,0.7,0.7,0,0.1,0.3
6,Saliba,William,Saliba,1,3,2,59,0,-1,i,0,0,Back injury - Unknown return date,2026-07-23T12:01:23.289376Z,0.2,13,49,0.0,0.0,0,0,0,0,0,0,0,0,0,0,0.00,0.00,0.00,0.00,0,0,0,0,0,0,0,0,0,0,0,0,,,,0.0,0.0,0,0.0,0.0
7,Lewis-Skelly,Myles,Lewis-Skelly,1,3,3,54,0,-1,a,,,,,0.6,119,116,1.0,2.2,11,2,333,5,0,0,2,2,0,52,0.18,0.35,0.53,1.68,0.05,0.09,0.14,0.45,18,4.86,8,9,1,0,0.0,1.35,,,,1.0,1.0,0,0.2,2.0
8,Calafiori,Riccardo,Calafiori,1,3,2,59,0,4,a,,,,,51.5,8168,659,5.3,6.3,38,9,497,6,1,2,3,5,3,98,1.41,0.68,2.09,4.44,0.26,0.12,0.38,0.8,22,3.98,14,14,8,0,0.0,1.09,,,,5.3,5.3,2,0.9,6.4
9,Hincapie,Piero,Hincapié,1,3,2,52,0,-3,a,,,,,0.9,57,187,0.3,1.0,3,1,40,0,0,0,0,0,0,10,0.00,0.00,0.00,0.28,0.0,0.0,0.0,0.63,6,13.5,5,0,1,0,0.0,0.0,,,,0.3,0.3,0,0.1,0.6
10,White,Benjamin,White,1,3,2,54,0,-1,a,100,100,,2026-09-20T19:30:08.247780Z,4.4,406,594,2.0,5.2,26,5,377,5,0,2,2,2,3,98,0.18,0.57,0.75,1.81,0.04,0.14,0.18,0.43,22,5.25,13,13,9,0,0.0,1.19,,,,2.0,2.0,1,0.4,4.8
11,Mosquera,Cristhian,Mosquera,1,3,2,53,0,-2,a,100,100,,2026-09-04T14:00:08.080310Z,1.6,38,571,0.0,6.0,12,0,168,2,0,0,2,0,0,52,0.00,0.01,0.01,0.53,0.0,0.01,0.01,0.28,10,5.36,10,3,0,0,0.0,1.07,,,,0.0,0.0,0,0.0,2.3
12,Saka,Bukayo,Saka,1,3,3,96,0,1,a,,,,,17.2,2238,3792,4.0,5.7,34,2,506,6,3,0,3,5,4,146,3.52,1.04,4.56,4.26,0.63,0.18,0.81,0.76,39,6.94,11,21,7,0,0.0,1.07,1,2,2,4.0,4.0,0,0.4,3.5
13,Rice,Declan,Rice,1,3,3,74,0,-1,a,100,75,,2026-09-21T13:00:08.896379Z,10.7,1709,1250,4.7,4.5,27,7,501,6,0,3,3,5,2,119,0.12,0.77,0.89,4.18,0.02,0.14,0.16,0.75,52,9.34,23,20,9,0,0.0,1.08,,1,1,4.7,3.5,1,0.6,3.6
14,Eze,Eberechi,Eze,1,3,3,62,0,-3,a,,,,,1.1,173,385,0.7,1.0,4,0,85,0,0,0,0,0,0,18,0.04,0.09,0.13,1.33,0.04,0.1,0.14,1.41,5,5.29,0,5,0,0,0.0,0.0,,,3,0.7,0.7,0,0.1,0.6
15,Ødegaard,Martin,Ødegaard,1,3,3,68,0,3,a,,,,,20.4,3145,5187,2.0,5.0,30,1,466,6,2,0,3,5,6,147,2.02,1.41,3.43,3.91,0.39,0.27,0.66,0.76,29,5.6,6,17,6,0,0.0,1.16,3,,4,2.0,2.0,1,0.3,4.4
16,Madueke,Noni,Madueke,1,3,3,62,0,-3,a,,,,,0.2,162,36,0.7,1.3,4,2,113,1,0,0,0,1,0,31,0.22,0.35,0.57,0.83,0.18,0.28,0.46,0.66,7,5.58,1,5,1,0,0.0,0.8,,5,,0.7,0.7,0,0.1,0.6
17,Merino,Mikel,Merino Zazón,1,3,3,57,0,-3,a,,,,,0.4,82,102,1.0,0.8,5,1,82,0,0,0,0,0,0,22,0.14,0.15,0.29,0.96,0.15,0.16,0.31,1.05,10,10.98,1,9,0,0,0.0,0.0,,,,1.0,1.0,0,0.2,0.9
18,Martinelli,Gabriel,Martinelli Silva,1,3,3,63,0,-2,u,0,0,Has joined Al Hilal permanently,2026-09-04T12:34:46.738449Z,0.1,0,15,0.0,0.0,0,0,0,0,0,0,0,0,0,0,0.00,0.00,0.00,0.00,0,0,0,0,0,0,0,0,0,0,0,0,,,,0.0,0.0,0,0.0,0.0
19,Zubimendi,Martín,Zubimendi Ibáñez,1,3,3,53,0,-2,a,,,,,0.6,21,119,0.7,1.0,5,0,89,0,0,0,0,0,0,16,0.21,0.04,0.25,1.38,0.21,0.04,0.25,1.4,12,12.13,5,3,4,0,0.0,0.0,,,,0.7,0.7,0,0.1,0.9
20,Dowman,Max,Dowman,1,3,3,53,0,-2,a,100,100,,2026-10-05T19:00:10.141532Z,0.1,13,24,0.3,1.0,1,0,9,0,0,0,0,0,0,4,0.00,0.08,0.08,0.31,0.0,0.8,0.8,3.1,0,0.0,0,0,0,0,0.0,0.0,,,,0.3,0.3,0,0.1,0.2
21,Nørgaard,Christian,Nørgaard,9,11,3,48,0,-2,d,50,50,Groin injury - 50% chance of playing,2026-08-15T20:00:06.779594Z,0.0,2,10,0.0,0.0,0,0,0,0,0,0,0,0,0,0,0.00,0.00,0.00,0.00,0,0,0,0,0,0,0,0,0,0,0,0,,,,0.0,0.0,0,0.0,0.0
22,Nwaneri,Ethan,Nwaneri,1,3,3,54,0,-1,u,0,0,Has joined Borussia Dortmund on loan for the rest of the season,2026-09-02T16:01:07.058827Z,0.0,0,1,0.0,0.0,0,0,0,0,0,0,0,0,0,0,0.00,0.00,0.00,0.00,0,0,0,0,0,0,0,0,0,0,0,0,,,,0.0,0.0,0,0.0,0.0
23,Fábio Vieira,Fábio,Ferreira Vieira,1,3,3,55,0,0,u,0,0,Has joined Hamburger SV permanently,2026-09-02T16:00:28.446370Z,0.0,0,0,0.0,0.0,0,0,0,0,0,0,0,0,0,0,0.00,0.00,0.00,0.00,0,0,0,0,0,0,0,0,0,0,0,0,,,,0.0,0.0,0,0.0,0.0
24,Nelson,Reiss,Nelson,1,3,3,55,0,0,u,0,0,has departed the club as a free agent.,2026-08-29T00:33:08.556767Z,0.0,0,0,0.0,0.0,0,0,0,0,0,0,0,0,0,0,0.00,0.00,0.00,0.00,0,0,0,0,0,0,0,0,0,0,0,0,,,,0.0,0.0,0,0.0,0.0
25,Gyökeres,Viktor,Gyökeres,1,3,4,71,0,-4,a,,,,,3.8,652,1790,0.7,1.0,3,1,56,0,0,0,0,0,0,17,0.00,0.24,0.24,0.67,0.0,0.39,0.39,1.08,5,8.04,0,4,1,0,0.0,0.0,2,,,0.7,0.7,0,0.1,0.4
26,Havertz,Kai,Havertz,1,3,4,76,0,1,a,100,75,,2026-09-24T22:00:09.120308Z,6.7,2254,2748,1.7,3.5,21,2,499,6,2,0,3,5,2,85,1.93,0.39,2.32,4.57,0.35,0.07,0.42,0.82,13,2.34,6,7,0,0,0.0,1.08,,,,1.7,1.3,0,0.2,2.8
27,G.Jesus,Gabriel,Fernando de Jesus,1,3,4,59,0,-1,u,0,0,Has joined FC Barcelona permanently,2026-09-02T16:00:28.475184Z,0.1,0,18,0.0,0.0,0,0,0,0,0,0,0,0,0,0,0.00,0.00,0.00,0.00,0,0,0,0,0,0,0,0,0,0,0,0,,,,0.0,0.0,0,0.0,0.0
28,Martinez,Emiliano,Martínez Romero,6,8,1,50,0,0,a,,,,,4.7,222,509,1.7,2.0,10,1,399,5,0,0,0,10,0,71,0.00,0.01,0.01,7.78,0.0,0.0,0.0,1.75,0,0.0,1,41,0,20,4.51,1.13,,,,1.7,1.7,0,0.3,2.0
29,M.Bizot,Marco,Bizot,2,7,1,45,0,0,a,100,75,,2026-09-17T07:30:09.058151Z,0.1,5,13,0.0,1.0,1,0,90,1,0,0,0,4,0,1,0.00,0.00,0.00,3.77,0.0,0.0,0.0,3.77,0,0.0,2,6,0,3,3.0,1.0,,,,0.0,0.0,0,0.0,0.2
30,Digne,Lucas,Digne,2,7,2,45,0,0,u,0,0,Has joined Paris Saint-Germain permanently,2026-08-10T14:03:30.089007Z,0.0,0,2,0.0,0.0,0,0,0,0,0,0,0,0,0,0,0.00,0.00,0.00,0.00,0,0,0,0,0,0,0,0,0,0,0,0,,,,0.0,0.0,0,0.0,0.0
31,Konsa,Ezri,Konsa Ngoyo,1,3,2,46,0,1,a,100,75,,2026-10-05T09:30:09.853316Z,17.3,1390,1774,3.7,3.2,16,4,371,4,0,0,1,5,0,53,0.23,0.02,0.25,4.18,0.06,0.0,0.06,1.01,33,8.01,25,12,8,0,0.0,0.97,,,,3.7,2.8,0,0.8,3.5
32,Cash,Matty,Cash,2,7,2,44,0,-1,a,100,100,,2026-09-09T14:30:08.192142Z,4.6,97,434,0.0,1.4,7,1,335,4,0,0,1,8,0,16,0.15,0.04,0.19,6.44,0.04,0.01,0.05,1.73,20,5.37,11,3,9,0,0.0,1.07,,3,,0.0,0.0,0,0.0,1.6
33,Mings,Tyrone,Mings,2,7,2,45,0,0,a,,,,,0.4,36,29,1.3,2.2,11,1,300,3,0,0,1,5,0,41,0.20,0.02,0.22,4.92,0.06,0.01,0.07,1.48,30,9.0,26,8,4,0,0.0,0.9,,,,1.3,1.3,0,0.3,2.4
34,Pau,Pau,Torres,2,7,2,44,0,-1,a,100,75,,2026-09-12T18:00:08.712707Z,0.3,2,54,0.3,1.0,3,0,187,3,0,0,0,5,0,-4,0.00,0.01,0.01,4.79,0.0,0.0,0.0,2.31,9,4.33,8,9,1,0,0.0,1.44,,,,0.3,0.2,0,0.1,0.7
35,Bogarde,Lamare,Bogarde,2,7,3,49,0,-1,a,,,,,0.1,5,7,0.0,1.0,1,0,16,0,0,0,0,0,0,3,0.00,0.00,0.00,0.22,0.0,0.0,0.0,1.24,1,5.62,1,0,0,0,0.0,0.0,,,,0.0,0.0,0,0.0,0.2
36,Maatsen,Ian,Maatsen,2,7,2,44,0,-1,i,0,0,Ankle injury - Unknown return date,2026-09-12T18:00:08.729468Z,0.4,0,170,0.3,2.2,9,0,335,4,0,0,1,7,1,22,0.28,0.45,0.73,6.54,0.08,0.12,0.2,1.76,24,6.45,17,10,7,0,0.0,1.07,,,,0.0,0.0,0,0.1,2.0
37,Lindelöf,Victor,Lindelöf,2,7,2,45,0,0,a,,,,,0.3,33,33,1.0,1.5,9,1,489,6,0,0,1,10,0,29,0.44,0.17,0.61,9.71,0.08,0.03,0.11,1.79,28,5.15,27,8,1,0,0.0,1.1,,,,1.0,1.0,0,0.2,2.0
38,A.García,Andrés,García,2,7,2,40,0,0,a,,,,,1.5,60,140,0.0,0.0,0,0,0,0,0,0,0,0,0,0,0.00,0.00,0.00,0.00,0,0,0,0,0,0,0,0,0,0,0,0,,,,0.0,0.0,0,0.0,0.0
39,Nedeljkovic,Kosta,Nedeljkovic,2,7,2,40,0,0,u,0,0,Has joined Rangers on loan for the rest of the season,2026-08-19T13:56:46.385411Z,0.1,0,12,0.0,0.0,0,0,0,0,0,0,0,0,0,0,0.00,0.00,0.00,0.00,0,0,0,0,0,0,0,0,0,0,0,0,,,,0.0,0.0,0,0.0,0.0
40,Rogers,Morgan,Rogers,6,8,3,78,0,3,a,,,,,42.8,8212,963,6.0,6.2,37,8,476,6,4,1,0,12,4,162,1.86,1.36,3.22,9.02,0.35,0.26,0.61,1.71,36,6.81,5,25,6,0,0.0,1.13,,4,3,6.0,6.0,1,0.8,4.7
41,Buendía,Emiliano,Buendía Stati,2,7,3,59,0,-1,a,,,,,1.2,616,132,6.7,4.5,27,6,440,6,1,1,1,9,5,96,1.11,0.33,1.44,8.35,0.23,0.07,0.3,1.71,44,9.0,5,27,12,0,0.0,1.23,1,2,1,6.7,6.7,1,1.1,4.6
42,Guessand,Evann,Guessand,8,31,3,54,0,-1,a,,,,,0.0,3,4,0.0,1.0,2,0,54,0,0,0,0,1,0,6,0.03,0.03,0.06,0.34,0.05,0.05,0.1,0.57,2,3.33,1,0,1,0,0.0,0.0,,,,0.0,0.0,0,0.0,0.4
43,Tielemans,Youri,Tielemans,16,1,3,58,0,-2,a,100,100,,2026-07-23T12:01:23.321726Z,1.4,146,245,2.0,2.8,14,0,402,5,0,0,0,8,0,93,0.65,0.52,1.17,6.16,0.15,0.12,0.27,1.38,43,9.63,11,25,7,0,0.0,1.12,3,,,2.0,2.0,0,0.3,2.4
44,Bailey,Leon,Bailey,2,7,3,54,0,-1,u,0,0,Has joined Olympiakos permanently,2026-09-04T12:35:14.472260Z,0.0,0,12,0.0,0.0,0,0,0,0,0,0,0,0,0,0,0.00,0.00,0.00,0.00,0,0,0,0,0,0,0,0,0,0,0,0,,,,0.0,0.0,0,0.0,0.0
45,McGinn,John,McGinn,2,7,3,54,0,-1,a,,,,,2.2,371,228,4.3,3.0,18,1,473,6,0,2,2,8,1,70,0.77,0.25,1.02,8.78,0.15,0.05,0.2,1.67,32,6.09,8,18,6,0,0.0,1.14,,1,,4.3,4.3,0,0.8,3.3
46,Barkley,Ross,Barkley,2,7,3,50,0,0,a,,,,,0.2,18,46,1.0,2.0,10,0,308,4,0,0,1,8,0,66,0.38,0.14,0.52,7.36,0.11,0.04,0.15,2.15,28,8.18,5,16,7,0,0.0,1.17,,4,,1.0,1.0,0,0.2,2.0
47,Kamara,Boubacar,Kamara,2,7,3,50,0,0,a,100,100,,2026-07-23T12:01:23.337269Z,0.3,47,34,3.0,2.7,16,1,482,6,0,1,2,8,0,90,0.12,0.16,0.28,8.93,0.02,0.03,0.05,1.67,40,7.47,13,18,9,0,0.0,1.12,,,,3.0,3.0,0,0.6,3.2
48,Onana,Amadou,Onana,2,7,3,49,0,-1,i,0,0,Knee injury - Unknown return date,2026-07-23T12:01:23.352497Z,0.0,1,3,0.0,0.0,0,0,0,0,0,0,0,0,0,0,0.00,0.00,0.00,0.00,0,0,0,0,0,0,0,0,0,0,0,0,,,,0.0,0.0,0,0.0,0.0
49,Iling Jr,Samuel,Iling-Junior,2,7,3,50,0,0,u,0,0,Has joined Bolton Wanderers on loan for the rest of the season,2026-08-17T13:52:28.532616Z,0.0,0,0,0.0,0.0,0,0,0,0,0,0,0,0,0,0,0.00,0.00,0.00,0.00,0,0,0,0,0,0,0,0,0,0,0,0,,,,0.0,0.0,0,0.0,0.0
50,Burrowes,Bradley,Burrowes,2,7,3,45,0,0,a,,,,,0.5,30,86,0.0,0.0,0,0,0,0,0,0,0,0,0,0,0.00,0.00,0.00,0.00,0,0,0,0,0,0,0,0,0,0,0,0,,,,0.0,0.0,0,0.0,0.0
51,George Hemmings,George,Hemmings,2,7,3,45,0,0,a,,,,,1.1,81,205,0.7,1.8,9,0,297,4,0,0,1,7,0,34,0.07,0.16,0.23,6.26,0.02,0.05,0.07,1.9,19,5.76,3,10,6,0,0.0,1.21,,,,0.7,0.7,0,0.2,2.0
52,Alysson,Alysson Edward Franco,da Rocha dos Santos,2,7,3,50,0,0,d,75,75,Unspecified injury - 75% chance of playing,2026-09-19T11:30:09.355376Z,0.0,1,18,2.0,2.0,8,0,87,0,1,0,0,2,0,34,0.06,0.00,0.06,2.40,0.06,0.0,0.06,2.48,8,8.28,2,4,2,0,0.0,0.0,,,,1.5,1.5,0,0.4,1.6
53,Manzambi,Johan,Manzambi,2,7,3,59,0,-1,a,100,100,,2026-08-15T15:30:06.388335Z,0.8,721,106,5.0,5.0,15,1,137,2,1,1,1,2,2,55,0.67,0.26,0.93,2.03,0.44,0.17,0.61,1.33,10,6.57,2,6,2,0,0.0,1.31,,,,5.0,5.0,1,0.8,2.5
54,Gomes,Joao,Gomes,2,7,3,55,0,0,a,100,100,,2026-09-16T19:30:08.742410Z,0.0,16,9,1.7,1.0,3,1,168,3,0,0,0,7,0,19,0.00,0.03,0.03,4.63,0.0,0.02,0.02,2.48,23,12.32,7,5,11,0,0.0,1.61,,,,1.7,1.7,0,0.3,0.5
55,Watkins,Ollie,Watkins,2,7,4,78,0,-2,u,0,0,Has joined Al Hilal permanently,2026-09-01T13:15:16.698799Z,2.4,0,282,0.0,0.0,0,0,0,0,0,0,0,0,0,0,0.00,0.00,0.00,0.00,0,0,0,0,0,0,0,0,0,0,0,0,,,,0.0,0.0,0,0.0,0.0
56,Abraham,Tammy,Abraham,2,7,4,55,0,0,a,100,100,,2026-08-15T16:00:07.558543Z,0.2,99,57,0.7,1.0,4,0,71,0,0,0,0,3,0,13,0.00,0.00,0.00,2.69,0.0,0.0,0.0,3.41,2,2.54,0,1,1,0,0.0,0.0,,,,0.7,0.7,0,0.1,0.7
57,Petrović,Đorđe,Petrović,3,91,1,45,0,0,a,,,,,2.9,80,180,1.0,1.5,9,0,489,6,0,0,0,10,0,44,0.00,0.00,0.00,7.45,0.0,0.0,0.0,1.37,0,0.0,7,47,0,12,2.21,1.1,,,,1.0,1.0,0,0.2,2.0
58,Forster,Fraser,Forster,3,91,1,40,0,0,a,,,,,3.5,130,113,0.0,0.0,0,0,0,0,0,0,0,0,0,0,0.00,0.00,0.00,0.00,0,0,0,0,0,0,0,0,0,0,0,0,,,,0.0,0.0,0,0.0,0.0
59,Dennis,Will,Dennis,3,91,1,40,0,0,u,0,0,Has joined MK Dons permanently,2026-08-27T14:53:48.692835Z,0.1,0,6,0.0,0.0,0,0,0,0,0,0,0,0,0,0,0.00,0.00,0.00,0.00,0,0,0,0,0,0,0,0,0,0,0,0,,,,0.0,0.0,0,0.0,0.0
60,Hill,James,Hill,3,91,2,55,0,0,a,,,,,0.8,145,90,2.0,2.0,12,0,489,6,0,0,0,10,0,44,0.00,0.79,0.79,7.45,0.0,0.15,0.15,1.37,56,10.31,44,11,12,0,0.0,1.1,,,,2.0,2.0,0,0.4,2.2
61,Truffert,Adrien,Truffert,3,91,2,54,0,-1,a,,,,,2.9,202,264,1.7,1.7,10,0,489,6,0,0,0,10,2,54,0.11,0.44,0.55,7.45,0.02,0.08,0.1,1.37,49,9.02,30,24,19,0,0.0,1.1,,,,1.7,1.7,0,0.3,1.9
62,Diakité,Bafodé,Diakité,3,91,2,49,0,-1,a,,,,,0.2,19,16,0.0,0.0,0,0,0,0,0,0,0,0,0,0,0.00,0.00,0.00,0.00,0,0,0,0,0,0,0,0,0,0,0,0,,,,0.0,0.0,0,0.0,0.0
63,Milosavljević,Veljko,Milosavljevic,3,91,2,49,0,-1,i,0,0,Thigh injury - Unknown return date,2026-08-06T10:00:10.456051Z,0.0,2,2,0.0,0.0,0,0,0,0,0,0,0,0,0,0,0.00,0.00,0.00,0.00,0,0,0,0,0,0,0,0,0,0,0,0,,,,0.0,0.0,0,0.0,0.0
64,Smith,Adam,Smith,3,91,2,45,0,0,a,,,,,0.1,15,8,0.7,0.7,4,0,473,6,0,0,0,10,0,9,0.01,0.09,0.10,7.20,0.0,0.02,0.02,1.37,23,4.38,18,15,5,0,0.0,1.14,,,,0.7,0.7,0,0.2,0.9
65,J.Araujo,Julián,Araujo Zúñiga,3,91,2,44,0,-1,i,0,0,Thigh injury - Unknown return date,2026-08-09T08:00:05.645826Z,0.0,0,1,0.0,0.0,0,0,0,0,0,0,0,0,0,0,0.00,0.00,0.00,0.00,0,0,0,0,0,0,0,0,0,0,0,0,,,,0.0,0.0,0,0.0,0.0
66,Soler,Julio,Soler Barreto,3,91,2,40,0,0,a,100,100,,2026-08-15T16:30:07.021055Z,0.3,24,25,0.0,0.0,0,0,0,0,0,0,0,0,0,0,0.00,0.00,0.00,0.00,0,0,0,0,0,0,0,0,0,0,0,0,,,,0.0,0.0,0,0.0,0.0
67,Rayan,Rayan Vitor,Simplício Rocha,3,91,3,63,0,-2,a,,,,,1.5,391,206,1.7,1.8,11,1,473,6,0,0,0,9,0,47,1.15,0.43,1.58,6.85,0.22,0.08,0.3,1.3,16,3.04,7,4,5,0,0.0,1.14,,,,1.7,1.7,0,0.3,1.7
68,Tavernier,Marcus,Tavernier,3,91,3,61,0,1,a,,,,,7.3,2570,803,3.3,5.2,31,0,463,6,3,0,0,10,8,152,1.70,0.94,2.64,7.04,0.33,0.18,0.51,1.37,45,8.75,6,28,11,0,0.0,1.17,3,1,1,3.3,3.3,1,0.5,5.1
69,Scott,Alex,Scott,3,91,3,61,0,1,i,0,0,Thigh injury - Unknown return date,2026-10-05T09:30:09.910752Z,4.3,36,7833,2.0,6.0,30,0,446,5,1,2,1,7,5,129,0.64,0.42,1.06,6.82,0.13,0.08,0.21,1.38,60,12.11,15,36,9,0,0.0,1.01,,2,4,0.0,0.0,1,0.3,4.9
70,Kluivert,Justin,Kluivert,3,91,3,59,0,-1,i,0,0,Unspecified injury - Unknown return date,2026-09-20T15:30:09.074071Z,0.7,1,829,2.7,3.8,15,0,294,4,1,0,2,3,1,64,0.99,0.08,1.07,4.48,0.3,0.02,0.32,1.37,22,6.73,2,16,4,0,0.0,1.22,2,3,2,0.0,0.0,0,0.5,2.5
71,Cook,Lewis,Cook,3,91,3,50,0,0,a,,,,,0.2,11,23,0.3,1.6,8,0,180,2,0,0,2,1,0,25,0.00,0.01,0.01,4.20,0.0,0.0,0.0,2.1,14,7.0,7,6,1,0,0.0,1.0,,,,0.3,0.3,0,0.1,1.6
72,Gannon-Doak,Ben,Gannon-Doak,3,91,3,49,0,-1,a,,,,,0.1,8,13,0.7,1.0,4,0,12,0,0,0,0,1,0,15,0.12,0.05,0.17,0.60,0.9,0.38,1.28,4.5,7,52.5,0,5,2,0,0.0,0.0,,,,0.7,0.7,0,0.1,0.8
73,Adams,Tyler,Adams,3,91,3,50,0,0,a,100,100,,2026-08-15T16:30:07.029928Z,0.3,52,45,2.3,2.2,13,1,318,4,0,0,0,9,0,53,0.03,0.07,0.10,3.24,0.01,0.02,0.03,0.92,42,11.89,13,22,7,0,0.0,1.13,,,,2.3,2.3,0,0.5,2.6
74,Brooks,David,Brooks,3,91,3,50,0,0,a,100,100,,2026-08-15T16:30:07.037929Z,0.1,9,6,0.7,0.8,4,1,84,1,0,0,0,4,0,12,0.00,0.08,0.08,1.25,0.0,0.09,0.09,1.34,7,7.5,2,4,1,0,0.0,1.07,,4,3,0.7,0.7,0,0.1,0.8
75,Christie,Ryan,Christie,3,91,3,50,0,0,a,100,100,,2026-07-24T17:30:10.035483Z,0.0,15,7,1.3,1.2,6,1,141,2,0,0,0,4,0,23,0.52,0.13,0.65,2.14,0.33,0.08,0.41,1.37,23,14.68,4,18,1,0,0.0,1.28,,,,1.3,1.3,0,0.3,1.2
76,Tóth.A,Alex,Tóth,3,91,3,49,0,-1,a,,,,,0.0,0,2,0.3,1.0,2,0,17,0,0,0,0,2,0,8,0.00,0.00,0.00,0.56,0.0,0.0,0.0,2.96,2,10.59,0,1,1,0,0.0,0.0,,,,0.3,0.3,0,0.1,0.4
77,Adli,Amine,Adli,3,91,3,49,0,-1,i,0,0,Calf injury - Unknown return date,2026-08-15T16:00:07.590566Z,0.0,2,2,0.0,0.0,0,0,0,0,0,0,0,0,0,0,0.00,0.00,0.00,0.00,0,0,0,0,0,0,0,0,0,0,0,0,,,,0.0,0.0,0,0.0,0.0
78,Kroupi.Jr,Junior,Kroupi,3,91,3,74,0,-1,i,0,0,Foot injury - Expected back 7 Nov,2026-07-29T17:30:09.796802Z,0.2,10,27,0.0,0.0,0,0,0,0,0,0,0,0,0,0,0.00,0.00,0.00,0.00,0,0,0,0,0,0,0,0,0,0,0,0,1,,,0.0,0.0,0,0.0,0.0
79,Evanilson,Francisco Evanilson,de Lima Barbosa,3,91,4,60,0,0,a,,,,,3.3,1010,494,2.7,3.2,19,1,463,6,0,3,2,7,0,72,0.87,0.52,1.39,6.95,0.17,0.1,0.27,1.35,32,6.22,12,17,3,0,0.0,1.17,,,,2.7,2.7,0,0.4,3.2
80,Enes Ünal,Enes,Ünal,3,91,4,55,0,0,u,0,0,Has joined Getafe permanently,2026-08-14T14:14:21.881112Z,0.0,0,3,0.0,0.0,0,0,0,0,0,0,0,0,0,0,0.00,0.00,0.00,0.00,0,0,0,0,0,0,0,0,0,0,0,0,,,,0.0,0.0,0,0.0,0.0
81,Rodríguez,Álvaro,Rodríguez,3,91,4,60,0,0,a,100,100,,2026-08-15T16:30:07.054142Z,0.1,42,16,0.3,1.0,2,0,10,0,0,0,0,1,0,7,0.00,0.00,0.00,0.18,0.0,0.0,0.0,1.62,1,9.0,0,1,0,0,0.0,0.0,,,,0.3,0.3,0,0.0,0.3
82,Kelleher,Caoimhín,Kelleher,4,94,1,50,0,0,a,,,,,6.1,232,334,3.3,3.5,21,1,489,6,0,0,2,5,0,99,0.00,0.01,0.01,6.90,0.0,0.0,0.0,1.27,0,0.0,8,36,0,18,3.31,1.1,,,,3.3,3.3,0,0.7,4.2
83,Valdimarsson,Hákon Rafn,Valdimarsson,4,94,1,45,0,0,a,,,,,0.1,7,5,0.0,0.0,0,0,0,0,0,0,0,0,0,0,0.00,0.00,0.00,0.00,0,0,0,0,0,0,0,0,0,0,0,0,,,,0.0,0.0,0,0.0,0.0
84,Collins,Nathan,Collins,4,94,2,54,0,-1,i,0,0,Calf injury - Unknown return date,2026-09-05T18:00:06.182495Z,0.9,2,256,0.0,3.3,10,0,196,3,0,0,1,1,0,39,0.51,0.05,0.56,2.13,0.23,0.02,0.25,0.98,17,7.81,15,11,2,0,0.0,1.38,,,,0.0,0.0,0,0.0,1.9
85,Van den Berg,Sepp,van den Berg,4,94,2,49,0,-1,a,100,0,,2026-08-15T15:30:06.416627Z,0.1,7,7,0.0,0.0,0,0,0,0,0,0,0,0,0,0,0.00,0.00,0.00,0.00,0,0,0,0,0,0,0,0,0,0,0,0,,,,0.0,0.0,0,0.0,0.0
86,Lewis-Potter,Keane,Lewis-Potter,4,94,3,55,0,0,a,,,,,1.6,88,277,1.7,3.8,23,1,445,6,1,1,2,5,3,89,1.21,0.82,2.03,6.27,0.24,0.17,0.41,1.27,43,8.7,18,19,6,0,0.0,1.21,,5,1,1.7,1.7,0,0.3,4.2
87,Ajer,Kristoffer,Ajer,4,94,2,45,0,0,a,,,,,3.7,175,303,3.0,3.7,22,1,489,6,0,0,2,5,1,73,0.13,0.08,0.21,6.90,0.02,0.01,0.03,1.27,52,9.57,47,13,5,0,0.0,1.1,,,,3.0,3.0,0,0.7,4.9
88,Kayode,Michael,Kayode,4,94,2,46,0,1,a,,,,,7.6,374,684,2.7,4.0,24,1,333,5,1,0,2,2,1,72,0.55,0.43,0.98,3.82,0.15,0.12,0.27,1.03,17,4.59,15,16,2,0,0.0,1.35,,,,2.7,2.7,1,0.6,5.2
89,Henry,Rico,Henry,4,94,2,44,0,-1,a,,,,,0.2,10,14,0.0,1.0,1,0,2,0,0,0,0,0,0,3,0.00,0.00,0.00,0.00,0.0,0.0,0.0,0.0,0,0.0,0,0,0,0,0.0,0.0,,,,0.0,0.0,0,0.0,0.2
90,Hickey,Aaron,Hickey,4,94,2,45,0,0,a,,,,,0.1,2,7,0.7,1.0,5,0,152,1,0,0,0,3,0,17,0.03,0.06,0.09,3.07,0.02,0.04,0.06,1.82,17,10.07,13,8,4,0,0.0,0.59,,,,0.7,0.7,0,0.2,1.1
91,Pinnock,Ethan,Pinnock,7,9,2,45,0,0,a,,,,,0.1,15,6,3.3,3.5,14,0,282,3,0,0,1,7,0,15,0.12,0.00,0.12,6.57,0.04,0.0,0.04,2.1,44,14.04,41,4,3,0,0.0,0.96,,,,3.3,3.3,0,0.7,3.1
92,Ji-soo,Kim,Ji-soo,4,94,2,44,0,-1,a,,,,,0.0,3,4,0.0,0.0,0,0,0,0,0,0,0,0,0,0,0.00,0.00,0.00,0.00,0,0,0,0,0,0,0,0,0,0,0,0,,,,0.0,0.0,0,0.0,0.0
93,Schuster,Jannik,Schuster,4,94,2,45,0,0,a,,,,,0.6,307,85,6.0,5.5,22,1,292,3,0,1,1,4,3,60,0.10,0.54,0.64,4.77,0.03,0.17,0.2,1.47,44,13.56,41,7,3,0,0.0,0.92,,,,6.0,6.0,1,1.3,4.9
94,Schade,Kevin,Schade,4,94,3,62,0,2,a,,,,,16.0,12483,878,8.3,6.7,40,1,486,6,3,2,2,5,6,141,1.79,0.32,2.11,6.90,0.33,0.06,0.39,1.28,37,6.85,6,23,8,0,0.0,1.11,2,,,8.3,8.3,1,1.3,6.5
95,O.Dango,Dango,Ouattara,4,94,3,63,0,-2,a,,,,,0.4,54,56,0.7,1.4,7,0,179,2,0,0,1,1,0,34,0.09,0.39,0.48,2.81,0.05,0.2,0.25,1.41,28,14.08,9,17,2,0,0.0,1.01,,4,,0.7,0.7,0,0.1,1.1
96,Damsgaard,Mikkel,Damsgaard,4,94,3,54,0,-1,d,75,75,Unspecified injury - 75% chance of playing,2026-10-03T19:30:08.141728Z,0.4,3,139,1.3,3.2,16,0,283,3,0,1,2,1,3,74,0.17,0.73,0.90,3.06,0.05,0.23,0.28,0.97,31,9.86,6,18,7,0,0.0,0.95,,2,3,1.0,1.0,0,0.2,3.0
97,Jensen,Mathias,Jensen,4,94,3,54,0,-1,a,100,0,,2026-08-30T12:30:08.176795Z,0.1,1,13,0.0,6.0,6,0,66,1,0,1,1,0,0,22,0.08,0.34,0.42,0.47,0.11,0.46,0.57,0.64,5,6.82,0,3,2,0,0.0,1.36,3,1,2,0.0,0.0,0,0.0,1.1
98,Janelt,Vitaly,Janelt,4,94,3,50,0,0,a,,,,,2.5,340,390,2.7,4.8,29,1,489,6,2,0,2,5,3,115,0.53,0.46,0.99,6.90,0.1,0.08,0.18,1.27,70,12.88,30,23,17,0,0.0,1.1,,3,,2.7,2.7,1,0.5,5.8
99,Milambo,Antoni,Milambo,4,94,3,50,0,0,i,0,0,Knee injury - Unknown return date,2026-07-23T12:01:23.384798Z,0.0,0,0,0.0,0.0,0,0,0,0,0,0,0,0,0,0,0.00,0.00,0.00,0.00,0,0,0,0,0,0,0,0,0,0,0,0,,,,0.0,0.0,0,0.0,0.0
100,Carvalho,Fábio,Freitas Gouveia Carvalho,4,94,3,50,0,0,a,100,100,,2026-08-18T13:58:17.442072Z,0.0,13,8,2.0,6.0,6,0,3,0,1,0,0,0,0,23,0.43,0.00,0.43,0.13,12.9,0.0,12.9,3.9,0,0.0,0,0,0,0,0.0,0.0,,,,2.0,2.0,0,0.4,1.2
101,Henderson,Jordan,Henderson,6,8,3,49,0,-1,a,100,100,,2026-08-09T09:30:07.136250Z,0.0,215,5,4.7,7.0,14,12,129,2,1,1,0,3,3,51,0.09,0.10,0.19,2.94,0.06,0.07,0.13,2.05,13,9.07,3,9,1,0,0.0,1.4,,3,,4.7,4.7,1,1.0,2.9
102,Yarmoliuk,Yehor,Yarmoliuk,4,94,3,48,0,-2,a,,,,,0.6,79,73,4.7,2.7,16,7,255,3,1,1,1,5,1,72,0.24,0.31,0.55,5.16,0.08,0.11,0.19,1.82,29,10.24,9,14,6,0,0.0,1.06,,,,4.7,4.7,1,1.0,3.3
103,Dasilva,Josh,Dasilva,4,94,3,49,0,-1,i,0,0,Hamstring injury - Expected back 10 Oct,2026-09-04T13:30:08.371955Z,0.0,0,3,0.0,0.0,0,0,0,0,0,0,0,0,0,0,0.00,0.00,0.00,0.00,0,0,0,0,0,0,0,0,0,0,0,0,,,,0.0,0.0,0,0.0,0.0
104,Onyeka,Frank,Onyeka,7,9,3,49,0,-1,a,100,100,,2026-09-15T09:00:07.851220Z,0.1,4,11,1.7,2.2,9,0,314,4,0,0,1,7,0,34,0.03,0.02,0.05,6.31,0.01,0.01,0.02,1.81,28,8.03,9,14,5,0,0.0,1.15,,,,1.7,1.7,0,0.3,1.8
105,Anthony,Jaidon,Anthony,4,94,3,59,0,-1,a,,,,,0.2,69,20,4.0,2.7,16,1,306,4,1,0,2,4,2,67,1.23,0.54,1.77,4.08,0.36,0.16,0.52,1.2,31,9.12,6,19,6,0,0.0,1.18,,,,4.0,4.0,0,0.7,2.7
106,Thiago,Igor Thiago,Nascimento Rodrigues,4,94,4,78,0,-2,a,,,,,9.4,2407,1307,3.0,2.2,13,3,481,6,1,1,2,5,0,45,3.13,0.19,3.32,6.83,0.59,0.04,0.63,1.28,23,4.3,6,14,3,0,0.0,1.12,1,,,3.0,3.0,0,0.4,1.7
107,Furo,Kaye,Furo,4,94,4,45,0,0,i,0,0,Unspecified injury - Unknown return date,2026-09-14T14:00:09.985723Z,0.8,22,241,0.0,0.0,0,0,0,0,0,0,0,0,0,0,0.00,0.00,0.00,0.00,0,0,0,0,0,0,0,0,0,0,0,0,,,,0.0,0.0,0,0.0,0.0
108,Wilson,Callum,Wilson,4,94,4,54,0,-1,a,,,,,0.3,69,45,0.0,1.0,3,0,13,0,0,0,0,0,0,9,0.07,0.04,0.11,0.15,0.48,0.28,0.76,1.04,2,13.85,1,1,0,0,0.0,0.0,,,,0.0,0.0,0,0.0,0.6
109,Verbruggen,Bart,Verbruggen,5,36,1,45,0,0,a,,,,,21.3,978,814,5.0,4.0,24,1,489,6,0,0,3,5,0,111,0.00,0.20,0.20,9.13,0.0,0.04,0.04,1.68,0,0.0,4,38,0,12,2.21,1.1,,,,5.0,5.0,0,1.1,5.3
110,Rushworth,Carl,Rushworth,7,9,1,45,0,0,a,,,,,0.7,29,46,3.7,3.2,16,0,450,5,0,1,1,10,2,56,0.00,0.02,0.02,8.63,0.0,0.0,0.0,1.73,0,0.0,4,50,0,9,1.8,1.0,,,,3.7,3.7,1,0.8,3.6
111,Steele,Jason,Steele,5,36,1,40,0,0,a,,,,,4.0,101,265,0.0,0.0,0,0,0,0,0,0,0,0,0,0,0.00,0.00,0.00,0.00,0,0,0,0,0,0,0,0,0,0,0,0,,,,0.0,0.0,0,0.0,0.0
112,Van Hecke,Jan Paul,van Hecke,19,6,2,49,0,-1,a,100,100,,2026-09-30T16:00:09.552205Z,6.2,682,357,4.7,4.8,24,0,450,5,1,0,2,8,2,85,0.69,0.42,1.11,7.78,0.14,0.08,0.22,1.56,43,8.6,33,17,10,0,0.0,1.0,,,,4.7,4.7,0,1.0,4.9
113,F.Kadıoğlu,Ferdi,Kadıoğlu,5,36,2,44,0,-1,a,100,100,,2026-08-23T13:00:07.595211Z,1.5,140,116,4.0,2.8,14,1,371,5,0,0,2,5,0,52,0.12,0.13,0.25,8.01,0.03,0.03,0.06,1.94,16,3.88,14,11,2,0,0.0,1.21,,3,,4.0,4.0,0,0.9,3.2
114,Boscagli,Olivier,Boscagli,5,36,2,45,0,0,a,,,,,0.3,45,17,4.0,3.2,19,0,476,6,0,0,3,5,0,92,0.07,0.54,0.61,8.91,0.01,0.1,0.11,1.68,30,5.67,26,18,4,0,0.0,1.13,,,,4.0,4.0,0,0.9,4.2
115,De Cuyper,Maxim,De Cuyper,5,36,2,50,0,5,a,,,,,31.4,6494,407,6.0,6.5,39,1,462,6,1,3,3,5,5,136,1.55,0.67,2.22,9.04,0.3,0.13,0.43,1.76,19,3.7,10,21,9,0,0.0,1.17,,2,4,6.0,6.0,2,1.2,7.8
116,Dunk,Lewis,Dunk,5,36,2,45,0,0,a,100,100,,2026-09-22T09:30:09.629652Z,1.5,279,127,4.0,5.5,22,0,360,4,1,0,2,5,1,79,0.03,0.09,0.12,7.04,0.01,0.02,0.03,1.76,23,5.75,20,13,3,0,0.0,1.0,,,3,4.0,4.0,1,0.9,4.9
117,Coppola,Diego,Coppola,5,36,2,45,0,0,a,,,,,0.0,5,1,0.0,0.0,0,0,0,0,0,0,0,0,0,0,0.00,0.00,0.00,0.00,0,0,0,0,0,0,0,0,0,0,0,0,,,,0.0,0.0,0,0.0,0.0
118,Igor,Igor Julio,dos Santos de Paulo,5,36,2,45,0,0,u,0,0,Has joined Burnley permanently,2026-09-02T15:38:15.529699Z,0.0,0,6,0.0,0.0,0,0,0,0,0,0,0,0,0,0,0.00,0.00,0.00,0.00,0,0,0,0,0,0,0,0,0,0,0,0,,,,0.0,0.0,0,0.0,0.0
119,Costinha,João Pedro,Loureiro da Costa,5,36,2,45,0,0,a,,,,,0.0,4,2,0.7,0.8,4,0,68,0,0,0,0,0,0,18,0.12,0.30,0.42,1.02,0.16,0.4,0.56,1.35,7,9.26,6,1,1,0,0.0,0.0,,,,0.7,0.7,0,0.2,0.9
120,Svoboda,Michael,Svoboda,5,36,2,50,0,0,a,,,,,0.1,26,8,0.3,1.0,1,0,4,0,0,0,0,0,0,5,0.00,0.00,0.00,0.14,0.0,0.0,0.0,3.15,1,22.5,0,1,1,0,0.0,0.0,,,,0.3,0.3,0,0.1,0.2
121,Mitoma,Mitoma,Kaoru,5,36,3,59,0,-1,i,0,0,Hamstring injury - Expected back 18 Oct,2026-07-24T18:30:10.661894Z,0.0,2,7,0.0,0.0,0,0,0,0,0,0,0,0,0,0,0.00,0.00,0.00,0.00,0,0,0,0,0,0,0,0,0,0,0,0,,,,0.0,0.0,0,0.0,0.0
122,Minteh,Yankuba,Minteh,5,36,3,58,0,-2,i,0,0,Leg injury - Expected back 28 Nov,2026-08-14T18:00:06.418033Z,0.0,0,2,0.0,0.0,0,0,0,0,0,0,0,0,0,0,0.00,0.00,0.00,0.00,0,0,0,0,0,0,0,0,0,0,0,0,,5,,0.0,0.0,0,0.0,0.0
123,Hinshelwood,Jack,Hinshelwood,5,36,3,59,0,-1,d,50,50,Ankle injury - 50% chance of playing,2026-08-27T19:30:07.780933Z,0.5,20,95,0.0,16.0,16,0,63,1,2,0,1,0,3,54,1.41,0.02,1.43,0.19,2.01,0.03,2.04,0.27,3,4.29,0,1,2,0,0.0,1.43,,,,0.0,0.0,1,0.0,2.7
124,Groß,Pascal,Groß,5,36,3,59,0,4,a,,,,,36.1,17440,344,11.3,8.3,50,3,489,6,3,4,3,5,11,175,1.77,1.02,2.79,9.13,0.33,0.19,0.52,1.68,27,4.97,9,10,8,0,0.0,1.1,1,1,1,11.3,11.3,3,1.9,8.5
125,Georginio,Georginio,Rutter,5,36,4,53,0,-2,a,100,100,,2026-08-26T16:00:07.608056Z,0.4,107,73,0.3,3.0,6,0,104,1,0,1,1,0,0,24,0.17,0.45,0.62,1.03,0.15,0.39,0.54,0.89,9,7.79,1,6,2,0,0.0,0.87,,,,0.3,0.3,0,0.1,1.1
126,O'Riley,Matt,O'Riley,5,36,3,54,0,-1,a,,,,,0.1,12,13,0.7,1.0,2,0,10,0,0,0,0,0,0,6,0.28,0.01,0.29,0.18,2.52,0.09,2.61,1.62,3,27.0,2,1,0,0,0.0,0.0,3,,,0.7,0.7,0,0.1,0.4
127,Gomez,Diego,Gómez Amarilla,5,36,3,50,0,0,a,,,,,3.6,328,454,5.0,4.7,28,4,472,6,0,3,3,5,3,93,0.89,0.78,1.67,8.95,0.17,0.15,0.32,1.71,45,8.58,10,18,17,0,0.0,1.14,,,5,5.0,5.0,0,1.0,5.6
128,Buonanotte,Facundo,Buonanotte,5,36,3,50,0,0,u,0,0,Has joined Elche on loan for the rest of the season,2026-08-10T14:03:07.561436Z,0.0,0,0,0.0,0.0,0,0,0,0,0,0,0,0,0,0,0.00,0.00,0.00,0.00,0,0,0,0,0,0,0,0,0,0,0,0,,,,0.0,0.0,0,0.0,0.0
129,Ayari,Yasin,Ayari,5,36,3,54,0,-1,a,100,100,,2026-08-30T18:00:07.935334Z,0.4,110,38,4.0,3.2,16,1,372,5,1,0,3,1,0,73,0.77,0.18,0.95,6.10,0.19,0.04,0.23,1.48,21,5.08,4,15,2,0,0.0,1.21,,4,2,4.0,4.0,0,0.7,3.0
130,Wieffer,Mats,Wieffer,5,36,2,49,0,-1,i,0,0,Knee injury - Unknown return date,2026-09-04T09:30:08.612904Z,0.2,1,51,0.0,3.5,7,0,156,2,0,0,1,4,1,38,0.12,0.13,0.25,3.18,0.07,0.08,0.15,1.83,15,8.65,11,9,4,0,0.0,1.15,,,,0.0,0.0,0,0.0,1.4
131,Baleba,Carlos,Baleba,16,1,3,49,0,-1,a,100,100,,2026-08-06T16:00:10.997714Z,0.1,121,18,0.0,0.0,0,0,0,0,0,0,0,0,0,0,0.00,0.00,0.00,0.00,0,0,0,0,0,0,0,0,0,0,0,0,,,,0.0,0.0,0,0.0,0.0
132,Howell,Harry,Howell,5,36,3,45,0,0,u,0,0,Has joined Leicester City on loan for the rest of the season,2026-08-17T13:53:19.019938Z,0.0,0,2,0.0,0.0,0,0,0,0,0,0,0,0,0,0,0.00,0.00,0.00,0.00,0,0,0,0,0,0,0,0,0,0,0,0,,,,0.0,0.0,0,0.0,0.0
133,Watson,Tom,Watson,5,36,3,50,0,0,u,0,0,Has joined Leicester City on loan for the rest of the season,2026-08-03T14:05:44.459483Z,0.0,0,0,0.0,0.0,0,0,0,0,0,0,0,0,0,0,0.00,0.00,0.00,0.00,0,0,0,0,0,0,0,0,0,0,0,0,,,,0.0,0.0,0,0.0,0.0
134,Oriola,Nehemiah,Oriola,5,36,3,44,0,-1,a,,,,,0.2,44,29,0.0,0.0,0,0,0,0,0,0,0,0,0,0,0.00,0.00,0.00,0.00,0,0,0,0,0,0,0,0,0,0,0,0,,,,0.0,0.0,0,0.0,0.0
135,Yohanna,Zadok,Yohanna,5,36,3,48,0,-2,i,0,0,Unspecified injury - Expected back 18 Oct,2026-09-10T13:00:08.617941Z,0.0,0,17,0.0,1.0,1,0,12,0,0,0,0,0,0,3,0.00,0.03,0.03,0.00,0.0,0.22,0.22,0.0,0,0.0,0,0,0,0,0.0,0.0,,,,0.0,0.0,0,0.0,0.2
136,Welbeck,Danny,Welbeck,6,8,4,59,0,-1,a,100,100,,2026-08-20T14:00:07.949090Z,0.9,222,699,1.0,1.3,4,0,85,1,0,0,0,1,0,15,0.00,0.14,0.14,1.99,0.0,0.15,0.15,2.11,5,5.29,2,2,1,0,0.0,1.06,,,,1.0,1.0,0,0.2,0.7
137,Tzimas,Stefanos,Tzimas,5,36,4,54,0,-1,i,0,0,Knee injury - Unknown return date,2026-07-23T12:01:23.432796Z,0.0,0,1,0.0,0.0,0,0,0,0,0,0,0,0,0,0,0.00,0.00,0.00,0.00,0,0,0,0,0,0,0,0,0,0,0,0,,,,0.0,0.0,0,0.0,0.0
138,Kostoulas,Charalampos,Kostoulas,5,36,4,56,0,1,a,,,,,8.1,10161,503,7.0,4.8,29,1,392,5,2,3,2,5,3,111,1.35,0.06,1.41,8.13,0.31,0.01,0.32,1.87,33,7.58,8,20,5,0,0.0,1.15,,,,7.0,7.0,1,1.3,5.2
139,Ferguson,Evan,Ferguson,5,36,4,50,0,0,i,0,0,Ankle injury - Expected back 18 Oct,2026-07-23T12:01:23.448357Z,0.0,10,9,0.0,0.0,0,0,0,0,0,0,0,0,0,0,0.00,0.00,0.00,0.00,0,0,0,0,0,0,0,0,0,0,0,0,,,,0.0,0.0,0,0.0,0.0
140,Sánchez,Robert,Lynch Sánchez,6,8,1,49,0,-1,u,0,0,Has joined Como on loan for the rest of the season,2026-09-02T16:20:41.841936Z,0.6,0,109,0.0,2.0,2,0,90,1,0,0,0,2,0,6,0.00,0.01,0.01,1.33,0.0,0.01,0.01,1.33,0,0.0,1,5,0,4,4.0,1.0,,,,0.0,0.0,0,0.0,0.4
141,Jörgensen,Filip,Jörgensen,6,8,1,50,0,0,u,0,0,Has joined RC Strasbourg on loan for the rest of the season,2026-08-12T14:07:02.607115Z,0.0,0,0,0.0,0.0,0,0,0,0,0,0,0,0,0,0,0.00,0.00,0.00,0.00,0,0,0,0,0,0,0,0,0,0,0,0,,,,0.0,0.0,0,0.0,0.0
142,James,Reece,James,6,8,2,53,0,-2,d,50,100,Hamstring injury - 50% chance of playing,2026-10-10T13:30:08.699019Z,5.4,185,1332,0.3,0.8,3,0,292,3,0,0,0,7,0,24,0.33,0.26,0.59,4.90,0.1,0.08,0.18,1.51,13,4.01,11,15,2,0,0.0,0.92,,1,1,0.1,0.3,0,0.1,0.6
143,Chalobah,Trevoh,Chalobah,6,8,2,55,0,0,u,0,0,Has joined Como permanently,2026-08-10T14:03:50.769483Z,0.1,0,9,0.0,0.0,0,0,0,0,0,0,0,0,0,0,0.00,0.00,0.00,0.00,0,0,0,0,0,0,0,0,0,0,0,0,,,,0.0,0.0,0,0.0,0.0
144,Gusto,Malo,Gusto,6,8,2,49,0,-1,a,,,,,0.9,38,146,0.3,1.0,4,0,272,3,0,0,0,7,0,12,0.08,0.12,0.20,3.50,0.03,0.04,0.07,1.16,15,4.96,11,13,4,0,0.0,0.99,,6,,0.3,0.3,0,0.1,0.8
145,Fofana,Wesley,Fofana,6,8,2,50,0,0,a,100,100,,2026-07-23T12:01:23.464591Z,0.2,59,69,1.7,2.0,8,0,312,4,0,0,0,7,0,35,0.00,0.08,0.08,5.65,0.0,0.02,0.02,1.63,47,13.56,40,11,7,0,0.0,1.15,,,,1.7,1.7,0,0.3,1.6
146,B.Badiashile,Benoît,Badiashile Mukinayi,6,8,2,45,0,0,u,0,0,Has joined Napoli on loan for the rest of the season,2026-08-25T14:03:47.079414Z,0.0,0,0,0.0,0.0,0,0,0,0,0,0,0,0,0,0,0.00,0.00,0.00,0.00,0,0,0,0,0,0,0,0,0,0,0,0,,,,0.0,0.0,0,0.0,0.0
147,Tosin,Tosin,Adarabioyo,19,6,2,44,0,-1,a,,,,,0.1,8,7,0.3,1.0,1,0,5,0,0,0,0,0,0,5,0.00,0.00,0.00,0.03,0.0,0.0,0.0,0.54,4,72.0,2,1,2,0,0.0,0.0,,,,0.3,0.3,0,0.1,0.2
148,Hato,Jorrel,Hato,6,8,2,45,0,0,a,,,,,0.8,21,265,0.0,2.0,8,0,258,4,0,2,0,9,0,14,0.01,0.21,0.22,4.81,0.0,0.07,0.07,1.68,18,6.28,11,9,7,0,0.0,1.4,,,,0.0,0.0,0,0.0,1.8
149,Colwill,Levi,Samuels Colwill,6,8,2,48,0,-2,a,,,,,0.8,50,119,1.0,0.8,4,1,380,5,0,0,0,9,0,25,0.01,0.06,0.07,6.96,0.0,0.01,0.01,1.65,26,6.16,23,16,3,0,0.0,1.18,,,,1.0,1.0,0,0.2,0.8
150,M.Sarr,Mamadou,Sarr,6,8,2,45,0,0,u,0,0,Has joined Real Sociedad on loan for the rest of the season,2026-08-29T00:34:23.077418Z,0.0,0,5,0.0,0.0,0,0,0,0,0,0,0,0,0,0,0.00,0.00,0.00,0.00,0,0,0,0,0,0,0,0,0,0,0,0,,,,0.0,0.0,0,0.0,0.0
151,Acheampong,Josh,Acheampong,6,8,2,45,0,0,a,,,,,0.3,19,54,0.3,1.2,6,1,260,3,0,0,0,7,0,10,0.00,0.03,0.03,5.01,0.0,0.01,0.01,1.73,24,8.31,14,10,10,0,0.0,1.04,,,,0.3,0.3,0,0.1,1.3
152,Palestra,Marco,Palestra,6,8,2,53,0,-2,a,100,100,,2026-08-24T18:30:07.421239Z,0.6,55,51,0.0,0.0,0,0,0,0,0,0,0,0,0,0,0.00,0.00,0.00,0.00,0,0,0,0,0,0,0,0,0,0,0,0,,,,0.0,0.0,0,0.0,0.0
153,Disasi,Axel,Disasi,8,31,2,45,0,0,s,0,0,Suspended until 25 Oct,2026-09-12T15:30:09.445078Z,0.1,0,23,-1.0,0.3,1,0,139,2,0,0,0,6,0,-6,0.00,0.04,0.04,3.72,0.0,0.03,0.03,2.41,20,12.95,15,11,5,0,0.0,1.29,,,,0.0,0.0,0,-0.2,0.2
154,Palmer,Cole,Palmer,6,8,3,97,0,2,a,100,100,,2026-09-21T13:00:09.022726Z,24.3,3450,1471,4.0,5.5,33,5,481,6,2,3,0,12,4,168,1.31,0.86,2.17,9.02,0.25,0.16,0.41,1.69,32,5.99,3,22,7,0,0.0,1.12,1,,2,4.0,4.0,1,0.4,3.4
155,Enzo,Enzo,Fernández,15,43,3,69,0,-1,a,,,,,3.8,1629,316,3.0,3.2,13,0,271,3,1,0,2,3,0,73,0.35,0.53,0.88,5.35,0.12,0.18,0.3,1.78,21,6.97,6,12,3,0,0.0,1.0,,4,3,3.0,3.0,0,0.4,1.9
156,Neto,Pedro,Lomba Neto,6,8,3,65,0,0,a,,,,,1.4,288,197,1.7,2.5,15,1,371,5,1,0,0,8,0,85,0.95,0.59,1.54,6.93,0.23,0.14,0.37,1.68,30,7.28,8,15,7,0,0.0,1.21,,2,4,1.7,1.7,0,0.3,2.3
157,Estêvão,Estêvão,Almeida de Oliveira Gonçalves,6,8,3,63,0,-2,a,,,,,0.7,144,116,0.7,1.0,4,0,23,0,0,0,0,1,0,17,0.07,0.07,0.14,1.01,0.27,0.27,0.54,3.95,2,7.83,0,1,1,0,0.0,0.0,2,5,,0.7,0.7,0,0.1,0.6
158,Gittens,Jamie,Bynoe-Gittens,6,8,3,58,0,-2,i,0,0,Ankle injury - Unknown return date,2026-09-26T05:30:09.245832Z,0.0,1,23,0.0,0.0,0,0,0,0,0,0,0,0,0,0,0.00,0.00,0.00,0.00,0,0,0,0,0,0,0,0,0,0,0,0,,,,0.0,0.0,0,0.0,0.0
159,Caicedo,Moisés,Caicedo Corozo,6,8,3,53,0,-2,a,100,100,,2026-08-30T16:00:08.393562Z,1.0,209,54,0.3,1.0,2,1,52,1,0,0,0,0,0,19,0.00,0.00,0.00,0.36,0.0,0.0,0.0,0.62,7,12.12,3,2,2,0,0.0,1.73,,,,0.3,0.3,0,0.1,0.4
160,Garnacho,Alejandro,Garnacho Ferreyra,2,7,3,58,0,-2,a,,,,,0.3,24,43,0.0,1.0,3,0,31,0,0,0,0,0,0,9,0.00,0.00,0.00,0.49,0.0,0.0,0.0,1.42,2,5.81,0,2,0,0,0.0,0.0,,,,0.0,0.0,0,0.0,0.5
161,Lavia,Roméo,Lavia,6,8,3,50,0,0,a,,,,,0.2,23,76,0.7,2.8,11,0,258,4,1,0,0,8,0,61,0.75,0.11,0.86,5.06,0.26,0.04,0.3,1.77,31,10.81,10,15,6,0,0.0,1.4,,,,0.7,0.7,0,0.1,2.2
162,Andrey Santos,Andrey,Nascimento dos Santos,16,1,3,48,0,-2,a,,,,,0.5,32,140,0.0,1.3,4,0,82,1,0,0,0,4,0,23,0.00,0.24,0.24,2.03,0.0,0.26,0.26,2.23,18,19.76,7,7,4,0,0.0,1.1,,,,0.0,0.0,0,0.0,0.8
163,D.Essugo,Dário,Luís Essugo,6,8,3,45,0,0,u,0,0,Has joined RC Strasbourg on loan for the rest of the season,2026-09-02T16:20:41.865225Z,0.1,0,25,0.0,0.0,0,0,0,0,0,0,0,0,0,0,0.00,0.00,0.00,0.00,0,0,0,0,0,0,0,0,0,0,0,0,,,,0.0,0.0,0,0.0,0.0
164,Quenda,Geovany,Quenda,6,8,3,53,0,-2,a,100,100,,2026-07-24T20:30:10.609931Z,0.0,1,6,0.3,1.0,2,0,27,0,0,0,0,2,0,5,0.03,0.01,0.04,1.29,0.1,0.03,0.13,4.3,1,3.33,1,0,0,0,0.0,0.0,,,,0.3,0.3,0,0.1,0.4
165,João Pedro,João Pedro,Junqueira de Jesus,6,8,4,77,0,2,a,100,100,,2026-09-16T19:00:09.919929Z,66.4,17943,767,4.3,6.8,34,1,399,5,3,3,0,9,7,145,2.17,0.19,2.36,6.46,0.49,0.04,0.53,1.46,10,2.26,3,6,1,0,0.0,1.13,,,,4.3,4.3,2,0.6,4.4
166,N.Jackson,Nicolas,Jackson,2,7,4,65,0,0,a,,,,,2.0,2365,304,4.7,3.6,18,8,325,5,2,0,1,3,4,81,0.85,0.68,1.53,3.24,0.24,0.19,0.43,0.9,10,2.77,1,8,1,0,0.0,1.38,2,,,4.7,4.7,1,0.7,2.8
167,Delap,Liam,Delap,18,17,4,56,0,1,a,,,,,2.5,432,704,2.0,2.2,9,0,277,3,1,0,1,3,0,49,0.89,0.35,1.24,2.62,0.29,0.11,0.4,0.85,17,5.52,5,10,2,0,0.0,0.97,3,,,2.0,2.0,0,0.4,1.6
168,Marc Guiu,Marc,Guiu Paz,6,8,4,50,0,0,u,0,0,Has joined RB Leipzig permanently,2026-09-01T13:24:48.857362Z,0.2,0,41,0.0,0.0,0,0,0,0,0,0,0,0,0,0,0.00,0.00,0.00,0.00,0,0,0,0,0,0,0,0,0,0,0,0,,,,0.0,0.0,0,0.0,0.0
169,Mheuka,Shumaira,Mheuka,6,8,4,45,0,0,a,,,,,0.5,116,93,0.0,0.0,0,0,0,0,0,0,0,0,0,0,0.00,0.00,0.00,0.00,0,0,0,0,0,0,0,0,0,0,0,0,,,,0.0,0.0,0,0.0,0.0
170,Emegha,Emmanuel,Emegha,6,8,4,49,0,-1,i,0,0,Hamstring injury - Expected back 17 Oct,2026-09-09T15:00:09.063849Z,0.1,3,24,0.0,0.0,0,0,0,0,0,0,0,0,0,0,0.00,0.00,0.00,0.00,0,0,0,0,0,0,0,0,0,0,0,0,,,,0.0,0.0,0,0.0,0.0
171,Dovin,Oliver,Dovin,7,9,1,40,0,0,u,0,0,Has joined Leyton Orient on loan for the rest of the season,2026-09-02T15:44:14.839336Z,0.9,0,106,0.0,0.0,0,0,0,0,0,0,0,0,0,0,0.00,0.00,0.00,0.00,0,0,0,0,0,0,0,0,0,0,0,0,,,,0.0,0.0,0,0.0,0.0
172,Wilson,Ben,Wilson,7,9,1,44,0,-1,a,,,,,0.3,1,15,0.0,0.0,0,0,0,0,0,0,0,0,0,0,0.00,0.00,0.00,0.00,0,0,0,0,0,0,0,0,0,0,0,0,,,,0.0,0.0,0,0.0,0.0
173,Thomas,Bobby,Thomas,7,9,2,40,0,0,a,,,,,8.8,444,427,3.0,4.8,24,0,437,5,0,0,2,9,3,78,0.49,0.30,0.79,8.09,0.1,0.06,0.16,1.67,52,10.71,49,16,3,0,0.0,1.03,,,,3.0,3.0,0,0.8,6.0
174,Kitching,Liam,Kitching,7,9,2,40,0,0,u,0,0,Has joined Sheffield United on loan for the rest of the season,2026-09-02T16:21:03.612394Z,0.3,0,47,0.0,0.0,0,0,0,0,0,0,0,0,0,0,0.00,0.00,0.00,0.00,0,0,0,0,0,0,0,0,0,0,0,0,,,,0.0,0.0,0,0.0,0.0
175,van Ewijk,Milan,van Ewijk,7,9,2,40,0,0,d,75,75,Hamstring injury - 75% chance of playing,2026-09-19T16:00:09.486751Z,7.7,7,1477,0.0,1.5,6,0,360,4,0,0,0,10,0,7,0.00,0.30,0.30,7.53,0.0,0.08,0.08,1.88,27,6.75,21,13,6,0,0.0,1.0,,,,0.0,0.0,0,0.0,1.5
176,Dasilva,Jay,Dasilva,7,9,2,40,0,0,a,,,,,0.8,185,45,5.0,4.0,20,0,444,5,1,0,1,10,3,54,0.50,0.52,1.02,8.63,0.1,0.11,0.21,1.75,23,4.66,19,14,4,0,0.0,1.01,,,,5.0,5.0,1,1.2,5.0
177,Kesler-Hayden,Kaine,Kesler-Hayden,7,9,2,39,0,-1,d,50,50,Hamstring injury - 50% chance of playing,2026-08-27T14:56:28.704361Z,0.0,28,10,0.0,0.0,0,0,0,0,0,0,0,0,0,0,0.00,0.00,0.00,0.00,0,0,0,0,0,0,0,0,0,0,0,0,,,,0.0,0.0,0,0.0,0.0
178,Bidwell,Jake,Bidwell,7,9,2,40,0,0,a,,,,,0.1,7,5,0.0,0.0,0,0,0,0,0,0,0,0,0,0,0.00,0.00,0.00,0.00,0,0,0,0,0,0,0,0,0,0,0,0,,,,0.0,0.0,0,0.0,0.0
179,Latibeaudiere,Joel,Latibeaudiere,7,9,2,40,0,0,a,,,,,0.0,2,2,0.3,1.0,1,0,1,0,0,0,0,0,0,3,0.00,0.00,0.00,0.02,0.0,0.0,0.0,1.8,2,180.0,2,0,0,0,0.0,0.0,,,,0.3,0.3,0,0.1,0.2
180,Woolfenden,Luke,Woolfenden,7,9,2,39,0,-1,i,0,0,Knee injury - Unknown return date,2026-08-27T14:56:28.718566Z,0.1,23,23,0.0,0.0,0,0,0,0,0,0,0,0,0,0,0.00,0.00,0.00,0.00,0,0,0,0,0,0,0,0,0,0,0,0,,,,0.0,0.0,0,0.0,0.0
181,Brau,Miguel,Brau,7,9,2,40,0,0,u,0,0,Has joined Academico de Viseu on loan for the rest of the season,2026-08-29T00:35:59.980316Z,0.0,0,8,0.0,0.0,0,0,0,0,0,0,0,0,0,0,0.00,0.00,0.00,0.00,0,0,0,0,0,0,0,0,0,0,0,0,,,,0.0,0.0,0,0.0,0.0
182,Amenda,Aurèle,Amenda,7,9,2,40,0,0,i,0,0,Calf injury - Unknown return date,2026-09-17T07:30:09.329041Z,0.5,1,160,0.0,1.0,4,0,360,4,0,0,0,10,0,-3,0.02,0.39,0.41,7.53,0.0,0.1,0.1,1.88,24,6.0,23,11,1,0,0.0,1.0,,,,0.0,0.0,0,0.0,1.0
183,Rudoni,Jack,Rudoni,7,9,3,49,0,-1,a,100,100,,2026-07-23T12:01:23.481435Z,0.1,21,10,2.3,2.6,13,0,297,4,0,0,2,4,0,51,0.92,1.11,2.03,4.49,0.28,0.34,0.62,1.36,34,10.3,9,21,4,0,0.0,1.21,,5,1,2.3,2.3,0,0.5,2.7
184,Grimes,Matt,Grimes,7,9,3,49,0,-1,a,,,,,0.1,8,19,1.7,2.2,11,0,443,5,0,0,1,9,0,62,0.12,0.13,0.25,8.42,0.02,0.03,0.05,1.71,38,7.72,13,16,9,0,0.0,1.02,3,1,,1.7,1.7,0,0.3,2.2
185,Sakamoto,Tatsuhiro,Sakamoto,7,9,3,48,0,-2,a,,,,,0.1,1,9,0.0,1.0,1,0,31,0,0,0,0,1,0,8,0.02,0.02,0.04,0.69,0.06,0.06,0.12,2.0,4,11.61,0,2,2,0,0.0,0.0,,,,0.0,0.0,0,0.0,0.2
186,Mason-Clark,Ephron,Mason-Clark,7,9,3,53,0,-2,a,100,100,,2026-08-19T18:00:08.310507Z,0.1,3,4,0.7,1.2,5,0,231,4,0,0,0,3,0,19,0.51,0.12,0.63,3.16,0.2,0.05,0.25,1.23,15,5.84,6,9,0,0,0.0,1.56,,,,0.7,0.7,0,0.1,0.9
187,Eccles,Josh,Eccles,7,9,3,48,0,-2,i,0,0,Unspecified injury - Expected back 12 Oct,2026-09-10T18:30:08.877110Z,0.0,1,2,0.0,0.0,0,0,0,0,0,0,0,0,0,0,0.00,0.00,0.00,0.00,0,0,0,0,0,0,0,0,0,0,0,0,,,,0.0,0.0,0,0.0,0.0
188,Torp,Victor,Torp,7,9,3,53,0,-2,a,,,,,0.1,1,10,0.3,1.0,3,0,53,0,0,0,0,2,0,13,0.00,0.12,0.12,1.22,0.0,0.2,0.2,2.07,3,5.09,1,2,0,0,0.0,0.0,2,2,2,0.3,0.3,0,0.1,0.6
189,Shepherd,George,Shepherd,7,9,3,44,0,-1,a,,,,,0.3,13,40,0.0,0.0,0,0,0,0,0,0,0,0,0,0,0.00,0.00,0.00,0.00,0,0,0,0,0,0,0,0,0,0,0,0,,,,0.0,0.0,0,0.0,0.0
190,Tchaouna,Loum,Tchaouna,7,9,3,53,0,-2,a,,,,,0.1,1,11,0.3,1.2,5,0,211,2,0,0,0,3,0,32,0.23,0.18,0.41,3.23,0.1,0.08,0.18,1.38,18,7.68,6,11,1,0,0.0,0.85,,3,,0.3,0.3,0,0.1,0.9
191,Borges Rodrigues,Raphael,Borges Rodrigues,7,9,3,45,0,0,u,0,0,Has joined Burton Albion on loan for the rest of the season,2026-09-02T15:44:14.868001Z,0.1,0,15,0.0,0.0,0,0,0,0,0,0,0,0,0,0,0.00,0.00,0.00,0.00,0,0,0,0,0,0,0,0,0,0,0,0,,,,0.0,0.0,0,0.0,0.0
192,Andrews,Kai,Andrews,7,9,3,45,0,0,u,0,0,Has joined Oxford United on loan for the rest of the season,2026-08-29T00:35:59.998520Z,0.2,0,39,0.0,0.0,0,0,0,0,0,0,0,0,0,0,0.00,0.00,0.00,0.00,0,0,0,0,0,0,0,0,0,0,0,0,,,,0.0,0.0,0,0.0,0.0
193,Wright,Haji,Wright,7,9,4,53,0,-2,i,0,0,Thigh injury - Unknown return date,2026-08-14T22:00:07.214508Z,0.1,1,17,0.0,0.0,0,0,0,0,0,0,0,0,0,0,0.00,0.00,0.00,0.00,0,0,0,0,0,0,0,0,0,0,0,0,1,,,0.0,0.0,0,0.0,0.0
194,Thomas-Asante,Brandon,Thomas-Asante,7,9,4,50,0,0,a,,,,,0.8,340,148,1.7,1.8,9,0,227,2,0,0,1,6,0,43,0.34,0.06,0.39,4.98,0.13,0.02,0.15,1.97,27,10.7,12,12,3,0,0.0,0.79,4,,,1.7,1.7,0,0.3,1.8
195,Simms,Ellis,Simms,7,9,4,49,0,-1,a,,,,,0.6,111,112,0.3,1.3,4,0,104,1,0,0,0,3,0,13,0.30,0.01,0.31,2.79,0.26,0.01,0.27,2.41,3,2.6,1,2,0,0,0.0,0.87,,,,0.3,0.3,0,0.1,0.8
196,Markelo,Jahnoah,Markelo,7,9,4,50,0,0,u,0,0,Has joined Shabab Al-Ahli Dubai permanently,2026-08-17T13:53:55.791223Z,0.0,0,0,0.0,0.0,0,0,0,0,0,0,0,0,0,0,0.00,0.00,0.00,0.00,0,0,0,0,0,0,0,0,0,0,0,0,,,,0.0,0.0,0,0.0,0.0
197,Bassette,Norman,Bassette,7,9,4,45,0,0,u,0,0,Has joined KVC Westerlo on loan for the rest of the season,2026-07-28T12:58:50.001768Z,0.0,0,4,0.0,0.0,0,0,0,0,0,0,0,0,0,0,0.00,0.00,0.00,0.00,0,0,0,0,0,0,0,0,0,0,0,0,,,,0.0,0.0,0,0.0,0.0
198,Henderson,Dean,Henderson,8,31,1,49,0,-1,i,0,0,Foot injury - Expected back 18 Oct,2026-09-12T14:00:09.378740Z,1.2,5,262,0.0,1.7,5,0,270,3,0,0,0,8,0,37,0.00,0.00,0.00,6.47,0.0,0.0,0.0,2.16,0,0.0,6,31,0,12,4.0,1.0,,,,0.0,0.0,0,0.0,1.0
199,Benitez,Walter,Benítez,8,31,1,45,0,0,a,,,,,0.1,14,6,2.7,4.0,8,0,180,2,0,0,1,3,0,29,0.00,0.00,0.00,2.99,0.0,0.0,0.0,1.5,0,0.0,2,11,0,5,2.5,1.0,,,,2.7,2.7,0,0.6,1.8
200,Lacroix,Maxence,Lacroix,6,8,2,59,0,-1,a,,,,,6.6,328,711,1.7,2.3,14,1,403,5,0,1,0,10,0,31,0.15,0.22,0.37,8.22,0.03,0.05,0.08,1.84,49,10.94,39,9,10,0,0.0,1.12,,,,1.7,1.7,0,0.3,2.4
201,Muñoz,Daniel,Muñoz Mejía,18,17,2,54,0,-1,a,,,,,5.5,138,616,1.3,1.2,5,0,257,3,0,0,0,4,0,29,0.60,0.21,0.81,2.59,0.21,0.07,0.28,0.91,15,5.25,8,8,7,0,0.0,1.05,,,,1.3,1.3,0,0.2,0.9
202,Richards,Chris,Richards,8,31,2,49,0,-1,a,,,,,0.6,39,42,3.3,2.8,14,0,450,5,0,0,1,11,0,48,0.08,0.07,0.15,9.46,0.02,0.01,0.03,1.89,54,10.8,46,16,8,0,0.0,1.0,,,,3.3,3.3,0,0.7,2.9
203,Canvot,Jaydee,Canvot,8,31,2,48,0,-2,a,,,,,0.2,11,8,2.7,2.5,10,0,360,4,0,0,1,8,0,38,0.05,0.13,0.18,7.78,0.01,0.03,0.04,1.94,34,8.5,26,11,8,0,0.0,1.0,,,,2.7,2.7,0,0.6,2.1
204,Mitchell,Tyrick,Mitchell,8,31,2,45,0,0,a,,,,,6.0,204,366,2.7,4.8,24,0,419,5,2,0,1,10,3,68,0.77,0.26,1.03,8.34,0.17,0.06,0.23,1.79,25,5.37,14,23,11,0,0.0,1.07,,,,2.7,2.7,1,0.6,5.3
205,Sosa,Borna,Sosa,8,31,2,45,0,0,u,0,0,Has joined FC Cologne on loan for the rest of the season,2026-09-02T16:03:25.710518Z,0.0,0,1,0.0,0.0,0,0,0,0,0,0,0,0,0,0,0.00,0.00,0.00,0.00,0,0,0,0,0,0,0,0,0,0,0,0,,,,0.0,0.0,0,0.0,0.0
206,Chadi Riad,Chadi,Riad Dnanou,8,31,2,43,0,-2,i,0,0,Knee injury - Unknown return date,2026-08-22T18:00:07.352049Z,0.0,1,2,0.0,1.0,1,0,72,1,0,0,0,2,0,7,0.00,0.01,0.01,0.98,0.0,0.01,0.01,1.22,7,8.75,6,3,1,0,0.0,1.25,,,,0.0,0.0,0,0.0,0.2
207,Mingueza,Oscar,Mingueza,8,31,2,43,0,-2,a,,,,,0.1,5,12,0.0,1.0,2,0,16,0,0,0,0,1,0,5,0.00,0.00,0.00,0.33,0.0,0.0,0.0,1.86,2,11.25,0,1,2,0,0.0,0.0,,,,0.0,0.0,0,0.0,0.5
208,Sarr,Ismaïla,Sarr,8,31,3,62,0,-3,a,100,100,,2026-08-22T18:00:07.363165Z,0.6,109,50,0.3,1.0,1,0,8,0,0,0,0,0,0,3,0.00,0.01,0.01,0.06,0.0,0.11,0.11,0.68,0,0.0,0,0,0,0,0.0,0.0,2,,,0.3,0.3,0,0.0,0.2
209,Johnson,Brennan,Johnson,9,11,3,59,0,-1,a,,,,,0.1,17,16,2.0,1.8,9,0,238,3,0,0,2,1,0,26,1.03,0.22,1.25,3.73,0.39,0.08,0.47,1.41,26,9.83,8,11,7,0,0.0,1.13,,,,2.0,2.0,0,0.3,1.5
210,Wharton,Adam,Wharton,8,31,3,54,0,-1,a,100,100,,2026-07-23T12:01:23.498963Z,0.7,36,94,1.3,2.4,12,0,436,5,0,0,1,10,0,77,0.15,0.58,0.73,8.91,0.03,0.12,0.15,1.84,41,8.46,16,15,10,0,0.0,1.03,,2,,1.3,1.3,0,0.2,2.2
211,Yeremy,Yéremy,Pino Santos,8,31,3,55,0,0,a,,,,,0.3,23,59,1.0,2.8,14,0,307,4,0,2,1,6,0,70,0.52,0.55,1.07,6.93,0.15,0.16,0.31,2.03,26,7.62,5,16,5,0,0.0,1.17,,1,1,1.0,1.0,0,0.2,2.5
212,Hughes,Will,Hughes,8,31,3,44,0,-1,a,,,,,6.8,210,745,0.3,1.0,2,0,29,0,0,0,0,1,0,9,0.00,0.04,0.04,1.12,0.0,0.12,0.12,3.48,7,21.72,3,3,1,0,0.0,0.0,,4,,0.3,0.3,0,0.1,0.5
213,Lerma,Jefferson,Lerma Solís,8,31,3,48,0,-2,a,,,,,0.1,7,5,0.3,0.5,1,0,51,0,0,0,0,1,0,6,0.26,0.00,0.26,1.25,0.46,0.0,0.46,2.21,12,21.18,7,3,2,0,0.0,0.0,,,,0.3,0.3,0,0.1,0.2
214,Kamada,Daichi,Kamada,8,31,3,50,0,0,a,,,,,0.5,81,89,3.7,4.2,21,0,441,5,0,3,1,10,0,109,0.47,0.38,0.85,8.85,0.1,0.08,0.18,1.81,38,7.76,4,23,11,0,0.0,1.02,,3,,3.7,3.7,0,0.7,4.2
215,Devenny,Justin,Devenny,8,31,3,50,0,0,u,0,0,Has joined Stoke City permanently,2026-09-02T15:41:07.346849Z,0.0,0,1,0.0,0.0,0,0,0,0,0,0,0,0,0,0,0.00,0.00,0.00,0.00,0,0,0,0,0,0,0,0,0,0,0,0,3,,2,0.0,0.0,0,0.0,0.0
216,Esse,Romain,Esse,8,31,3,50,0,0,u,0,0,Has joined Millwall on loan for the rest of the season,2026-09-02T15:41:07.376544Z,0.0,0,4,0.0,0.0,0,0,0,0,0,0,0,0,0,0,0.00,0.00,0.00,0.00,0,0,0,0,0,0,0,0,0,0,0,0,,,,0.0,0.0,0,0.0,0.0
217,M.França,Matheus,França de Oliveira,8,31,3,49,0,-1,u,0,0,Has joined Alverca on loan for the rest of the season,2026-09-11T14:42:19.322912Z,0.0,0,4,0.0,0.0,0,0,0,0,0,0,0,0,0,0,0.00,0.00,0.00,0.00,0,0,0,0,0,0,0,0,0,0,0,0,,,,0.0,0.0,0,0.0,0.0
218,Doucouré,Cheick,Doucouré,8,31,3,48,0,-2,a,,,,,0.0,7,10,0.0,0.0,0,0,0,0,0,0,0,0,0,0,0.00,0.00,0.00,0.00,0,0,0,0,0,0,0,0,0,0,0,0,,,,0.0,0.0,0,0.0,0.0
219,J.Rak-Sakyi,Jesurun,Rak-Sakyi,8,31,3,49,0,-1,u,0,0,has joined  Kasimpasa on loan for the rest of the seaon.,2026-09-10T09:12:47.224598Z,0.0,0,2,0.0,0.0,0,0,0,0,0,0,0,0,0,0,0.00,0.00,0.00,0.00,0,0,0,0,0,0,0,0,0,0,0,0,,,,0.0,0.0,0,0.0,0.0
220,Cardines,Rio,Cardines,8,31,2,45,0,0,u,0,0,Has joined Bristol City on loan for the rest of the season,2026-08-12T14:08:46.501813Z,0.0,0,0,0.0,0.0,0,0,0,0,0,0,0,0,0,0,0.00,0.00,0.00,0.00,0,0,0,0,0,0,0,0,0,0,0,0,,,,0.0,0.0,0,0.0,0.0
221,Drakes-Thomas,Joél,Drakes-Thomas,8,31,3,44,0,-1,a,,,,,0.1,5,2,0.0,0.0,0,0,0,0,0,0,0,0,0,0,0.00,0.00,0.00,0.00,0,0,0,0,0,0,0,0,0,0,0,0,,,,0.0,0.0,0,0.0,0.0
222,Strand Larsen,Jørgen,Strand Larsen,8,31,4,60,0,0,a,,,,,0.7,224,126,3.3,2.8,14,0,298,3,1,0,1,5,2,69,0.43,0.20,0.63,6.15,0.13,0.06,0.19,1.86,13,3.93,6,5,2,0,0.0,0.91,,,,3.3,3.3,0,0.6,2.3
223,Mateta,Jean-Philippe,Mateta,8,31,4,63,0,-2,i,0,0,Hamstring injury - Expected back 18 Oct,2026-08-28T21:00:08.020382Z,1.2,7,196,0.0,2.0,2,0,62,1,0,0,0,2,0,-3,0.70,0.02,0.72,0.98,1.02,0.03,1.05,1.42,5,7.26,1,2,2,0,0.0,1.45,1,,,0.0,0.0,0,0.0,0.3
224,Nketiah,Eddie,Nketiah,8,31,4,55,0,0,a,100,100,,2026-09-12T14:00:09.427136Z,0.5,69,82,0.3,2.0,8,0,175,3,0,1,0,7,0,38,1.10,0.60,1.70,4.51,0.57,0.31,0.88,2.32,12,6.17,2,6,4,0,0.0,1.54,,,,0.3,0.3,0,0.1,1.5
225,Uche,Christantus,Uche,8,31,4,50,0,0,u,0,0,has returned to Getafe CF,2026-07-23T12:18:56.275922Z,0.0,0,0,0.0,0.0,0,0,0,0,0,0,0,0,0,0,0.00,0.00,0.00,0.00,0,0,0,0,0,0,0,0,0,0,0,0,,,,0.0,0.0,0,0.0,0.0
226,Pickford,Jordan,Pickford,9,11,1,55,0,0,a,,,,,9.1,360,616,4.7,5.0,25,0,450,5,0,0,3,3,1,121,0.00,0.02,0.02,6.94,0.0,0.0,0.0,1.39,0,0.0,7,53,0,15,3.0,1.0,,,,4.7,4.7,0,0.9,4.5
227,Travers,Mark,Travers,9,11,1,50,0,0,a,,,,,0.0,5,10,0.0,0.0,0,0,0,0,0,0,0,0,0,0,0.00,0.00,0.00,0.00,0,0,0,0,0,0,0,0,0,0,0,0,,,,0.0,0.0,0,0.0,0.0
228,King,Tom,King,9,11,1,45,0,0,a,,,,,0.0,1,4,0.0,0.0,0,0,0,0,0,0,0,0,0,0,0.00,0.00,0.00,0.00,0,0,0,0,0,0,0,0,0,0,0,0,,,,0.0,0.0,0,0.0,0.0
229,Tarkowski,James,Tarkowski,9,11,2,62,0,2,a,,,,,18.1,3690,1198,7.3,8.6,43,0,450,5,1,1,3,3,7,138,0.18,0.04,0.22,6.94,0.04,0.01,0.05,1.39,51,10.2,40,18,11,0,0.0,1.0,,,,7.3,7.3,2,1.2,6.9
230,Branthwaite,Jarrad,Branthwaite,9,11,2,55,0,0,a,,,,,2.6,440,299,4.7,5.4,27,0,450,5,0,0,3,3,0,97,0.17,0.02,0.19,6.94,0.03,0.0,0.03,1.39,54,10.8,49,14,5,0,0.0,1.0,,,,4.7,4.7,0,0.9,4.9
231,Keane,Michael,Keane,9,11,2,48,0,-2,a,,,,,0.7,23,78,0.0,0.0,0,0,0,0,0,0,0,0,0,0,0.00,0.00,0.00,0.00,0,0,0,0,0,0,0,0,0,0,0,0,,,,0.0,0.0,0,0.0,0.0
232,O'Brien,Jake,O'Brien,9,11,2,48,0,-2,a,,,,,0.3,10,14,0.7,1.0,2,0,16,0,0,0,0,0,0,5,0.00,0.00,0.00,0.42,0.0,0.0,0.0,2.36,2,11.25,2,2,0,0,0.0,0.0,,,,0.7,0.7,0,0.1,0.4
233,Mykolenko,Vitalii,Mykolenko,9,11,2,46,0,1,d,75,75,Leg injury - 75% chance of playing,2026-10-01T19:30:09.402881Z,3.5,55,1165,5.3,5.4,27,0,450,5,0,0,3,3,3,109,0.04,0.16,0.20,6.94,0.01,0.03,0.04,1.39,39,7.8,25,30,14,0,0.0,1.0,,,,4.0,4.0,1,1.2,5.9
234,Patterson,Nathan,Patterson,9,11,2,45,0,0,u,0,0,Has joined Torino permanently,2026-09-02T16:05:23.326971Z,0.0,0,3,0.0,0.0,0,0,0,0,0,0,0,0,0,0,0.00,0.00,0.00,0.00,0,0,0,0,0,0,0,0,0,0,0,0,,,,0.0,0.0,0,0.0,0.0
235,Aznou,Adam,Aznou,9,11,2,40,0,0,u,0,0,Has joined Malaga on loan for the rest of the season,2026-09-01T13:23:16.934847Z,0.1,0,14,0.0,0.0,0,0,0,0,0,0,0,0,0,0,0.00,0.00,0.00,0.00,0,0,0,0,0,0,0,0,0,0,0,0,,,,0.0,0.0,0,0.0,0.0
236,Dewsbury-Hall,Kiernan,Dewsbury-Hall,9,11,3,66,0,1,a,,,,,5.5,436,1135,1.7,4.0,20,0,450,5,1,0,3,3,3,110,0.99,0.83,1.82,6.74,0.2,0.17,0.37,1.35,42,8.4,5,26,11,0,0.0,1.0,,2,,1.7,1.7,0,0.3,3.0
237,Ndiaye,Iliman,Ndiaye,15,43,3,58,0,-2,a,,,,,6.0,379,1007,2.0,4.4,22,0,385,4,0,2,2,4,1,110,0.38,0.58,0.96,9.42,0.09,0.14,0.23,2.2,44,10.29,10,26,8,0,0.0,0.94,,,,2.0,2.0,0,0.3,3.8
238,Grealish,Jack,Grealish,9,11,3,65,0,0,a,100,100,,2026-07-29T10:00:10.492904Z,0.5,160,99,1.3,1.5,6,0,135,1,0,0,1,1,0,36,0.02,0.44,0.46,1.67,0.01,0.29,0.3,1.11,13,8.67,2,8,3,0,0.0,0.67,,,,1.3,1.3,0,0.2,0.9
239,Garner,James,Garner,9,11,3,60,0,0,a,100,100,,2026-09-06T18:00:08.301702Z,0.2,97,55,2.3,2.2,11,0,328,4,0,0,2,2,0,71,0.20,0.17,0.37,3.45,0.05,0.05,0.1,0.95,45,12.35,9,25,11,0,0.0,1.1,2,1,1,2.3,2.3,0,0.4,1.8
240,Iroegbunam,Tim,Iroegbunam,11,88,3,50,0,0,a,100,100,,2026-08-15T20:00:06.878792Z,0.0,4,2,0.3,0.7,2,0,70,0,0,0,0,0,0,10,0.12,0.01,0.13,0.60,0.15,0.01,0.16,0.77,9,11.57,1,5,3,0,0.0,0.0,,,,0.3,0.3,0,0.1,0.4
241,McNeil,Dwight,McNeil,8,31,3,53,0,-2,a,,,,,0.1,3,7,0.0,1.5,3,0,84,1,0,0,0,3,0,13,0.05,0.02,0.07,1.18,0.05,0.02,0.07,1.26,7,7.5,4,3,0,0,0.0,1.07,,,,0.0,0.0,0,0.0,0.6
242,George,Tyrique,George,9,11,3,55,0,0,a,,,,,0.8,68,234,1.3,3.8,19,0,309,4,1,0,2,3,3,77,0.35,0.32,0.67,3.71,0.1,0.09,0.19,1.08,18,5.24,5,12,1,0,0.0,1.17,,,,1.3,1.3,0,0.2,3.5
243,Alcaraz,Carlos,Alcaraz Durán,9,11,3,49,0,-1,a,,,,,0.1,6,13,0.0,0.5,1,0,5,0,0,0,0,0,0,5,0.05,0.02,0.07,0.04,0.9,0.36,1.26,0.72,3,54.0,0,2,1,0,0.0,0.0,,,,0.0,0.0,0,0.0,0.2
244,Armstrong,Harrison,Armstrong,9,11,3,50,0,0,a,100,100,,2026-09-17T08:30:08.942299Z,0.4,12,66,1.7,3.2,16,0,446,5,0,1,3,3,0,61,0.21,0.49,0.70,6.94,0.04,0.1,0.14,1.4,40,8.07,13,19,8,0,0.0,1.01,,,,1.7,1.7,0,0.3,3.2
245,Dibling,Tyler,Dibling,9,11,3,53,0,-2,a,,,,,0.0,3,3,0.3,1.0,1,0,24,0,0,0,0,0,0,10,0.17,0.16,0.33,0.38,0.64,0.6,1.24,1.42,0,0.0,0,0,0,0,0.0,0.0,,,,0.3,0.3,0,0.1,0.2
246,Röhl,Merlin,Röhl,9,11,3,49,0,-1,d,50,50,Unspecified injury - 50% chance of playing,2026-09-16T18:00:09.541933Z,0.0,0,8,0.0,2.0,6,0,249,3,0,0,1,2,0,35,0.00,0.20,0.20,4.52,0.0,0.07,0.07,1.63,24,8.67,6,13,5,0,0.0,1.08,,,,0.0,0.0,0,0.0,1.2
247,Hackney,Hayden,Hackney,9,11,3,54,0,-1,a,100,100,,2026-08-26T22:00:07.797766Z,0.2,4,15,0.7,2.0,10,0,137,1,0,1,1,1,0,39,0.05,0.13,0.18,3.91,0.03,0.09,0.12,2.57,12,7.88,4,5,3,0,0.0,0.66,,3,,0.7,0.7,0,0.1,1.9
248,Beto,Norberto Bercique,Gomes Betuncal,9,11,4,54,0,-1,u,0,0,Has joined Fiorentina permanently,2026-09-02T16:05:23.357221Z,0.5,0,171,0.0,1.0,2,0,31,0,0,0,0,0,0,5,0.09,0.00,0.09,1.92,0.26,0.0,0.26,5.57,1,2.9,1,0,0,0,0.0,0.0,,,,0.0,0.0,0,0.0,0.4
249,Barry,Thierno,Barry,9,11,4,57,0,2,a,,,,,8.6,1616,1571,2.7,4.0,20,0,417,5,2,0,3,3,2,83,3.50,0.15,3.65,5.02,0.76,0.03,0.79,1.08,17,3.67,5,11,1,0,0.0,1.08,1,,,2.7,2.7,0,0.5,3.5
250,Leno,Bernd,Leno,10,54,1,45,0,0,a,,,,,4.0,544,115,4.3,3.2,19,1,489,6,0,0,1,8,2,84,0.00,0.00,0.00,9.18,0.0,0.0,0.0,1.69,0,0.0,7,45,0,17,3.13,1.1,,,,4.3,4.3,0,1.0,4.2
251,Lecomte,Benjamin,Lecomte,10,54,1,40,0,0,a,,,,,1.1,26,30,0.0,0.0,0,0,0,0,0,0,0,0,0,0,0.00,0.00,0.00,0.00,0,0,0,0,0,0,0,0,0,0,0,0,,,,0.0,0.0,0,0.0,0.0
252,McNally,Alfie,McNally,10,54,1,40,0,0,u,0,0,Has joined York City on loan for the rest of the season,2026-09-01T13:25:11.231240Z,0.1,0,10,0.0,0.0,0,0,0,0,0,0,0,0,0,0,0.00,0.00,0.00,0.00,0,0,0,0,0,0,0,0,0,0,0,0,,,,0.0,0.0,0,0.0,0.0
253,Andersen,Joachim,Andersen,10,54,2,50,0,0,a,100,100,,2026-07-23T12:01:23.516350Z,0.2,99,32,0.3,1.0,3,0,190,2,0,0,0,5,0,12,0.00,0.10,0.10,4.35,0.0,0.05,0.05,2.06,20,9.47,18,9,2,0,0.0,0.95,,,,0.3,0.3,0,0.1,0.6
254,Robinson,Antonee,Robinson,10,54,2,45,0,0,d,75,75,Ankle injury - 75% chance of playing,2026-10-09T11:30:11.109085Z,1.4,31,399,2.7,2.4,12,0,429,5,0,0,1,8,0,65,0.26,0.30,0.56,9.08,0.05,0.06,0.11,1.9,31,6.5,18,20,13,0,0.0,1.05,2,,,2.0,2.0,0,0.6,2.7
255,J.Cuenca,Jorge,Cuenca Barreno,10,54,2,45,0,0,a,,,,,0.0,4,1,0.0,3.0,3,0,90,1,0,0,0,3,0,7,0.00,0.03,0.03,2.24,0.0,0.03,0.03,2.24,10,10.0,9,3,1,0,0.0,1.0,,,,0.0,0.0,0,0.0,0.7
256,Tete,Kenny,Tete,10,54,2,44,0,-1,a,100,100,,2026-09-18T12:30:09.546158Z,0.2,6,3,0.3,0.5,1,1,66,1,0,0,0,0,0,4,0.00,0.05,0.05,0.72,0.0,0.07,0.07,0.98,8,10.91,8,1,0,0,0.0,1.36,,,,0.3,0.3,0,0.1,0.2
257,Bassey,Calvin,Bassey,10,54,2,45,0,0,a,,,,,0.9,278,46,5.3,3.2,19,4,489,6,0,1,1,8,4,81,0.13,0.10,0.23,9.18,0.02,0.02,0.04,1.69,35,6.44,26,22,9,0,0.0,1.1,,,,5.3,5.3,0,1.2,4.2
258,Castagne,Timothy,Castagne,10,54,2,45,0,0,a,,,,,1.3,205,133,2.3,4.0,20,0,408,5,0,2,2,7,0,64,0.67,0.39,1.06,6.81,0.15,0.09,0.24,1.5,29,6.4,23,18,6,0,0.0,1.1,,,,2.3,2.3,0,0.5,4.4
259,Diop,Issa,Diop,12,40,2,40,0,0,a,,,,,11.9,175,845,2.0,2.2,13,1,489,6,0,0,0,11,0,49,0.06,0.16,0.22,9.38,0.01,0.03,0.04,1.73,48,8.83,44,23,4,0,0.0,1.1,,,,2.0,2.0,0,0.5,3.2
260,Wilson,Harry,Wilson,13,2,3,62,0,-3,a,100,75,,2026-09-18T13:30:09.626858Z,1.4,52,265,0.7,1.2,6,1,164,1,0,0,1,1,0,22,0.01,0.09,0.10,4.45,0.01,0.05,0.06,2.44,11,6.04,3,4,4,0,0.0,0.55,,2,2,0.7,0.5,0,0.1,1.0
261,Iwobi,Alex,Iwobi,10,54,3,54,0,-1,a,,,,,0.7,147,70,4.0,3.0,18,4,447,6,0,0,2,7,5,106,0.39,1.35,1.74,8.23,0.08,0.27,0.35,1.66,36,7.25,6,24,6,0,0.0,1.21,3,1,1,4.0,4.0,0,0.7,3.3
262,Smith Rowe,Emile,Smith Rowe,10,54,3,53,0,-2,a,,,,,0.2,8,29,0.3,1.0,3,0,38,0,0,0,0,0,0,11,0.06,0.02,0.08,0.87,0.14,0.05,0.19,2.06,3,7.11,1,2,0,0,0.0,0.0,,,,0.3,0.3,0,0.1,0.6
263,Kevin,Kevin,Santos Lopes de Macedo,10,54,3,53,0,-2,a,,,,,0.0,10,11,0.7,1.0,4,0,61,0,0,0,0,1,0,14,0.07,0.12,0.19,1.23,0.1,0.18,0.28,1.81,8,11.8,1,4,3,0,0.0,0.0,,4,,0.7,0.7,0,0.1,0.8
264,Bobb,Oscar,Bobb,10,54,3,55,0,0,a,,,,,0.3,105,37,2.3,2.3,14,1,382,6,0,0,3,6,0,60,0.54,1.16,1.70,6.26,0.13,0.27,0.4,1.47,29,6.83,5,16,8,0,0.0,1.41,,2,,2.3,2.3,0,0.4,2.5
265,Berge,Sander,Berge,10,54,3,49,0,-1,a,,,,,0.3,17,28,3.3,2.5,15,4,388,5,0,0,2,5,3,79,0.28,0.38,0.66,7.43,0.06,0.09,0.15,1.72,21,4.87,8,9,4,0,0.0,1.16,,,,3.3,3.3,0,0.7,3.1
266,Cairney,Tom,Cairney,10,54,3,49,0,-1,i,0,0,Knee injury - Expected back 17 Oct,2026-08-14T18:00:06.460944Z,0.0,0,0,0.0,0.0,0,0,0,0,0,0,0,0,0,0,0.00,0.00,0.00,0.00,0,0,0,0,0,0,0,0,0,0,0,0,,,,0.0,0.0,0,0.0,0.0
267,Lukić,Saša,Lukić,12,40,3,49,0,-1,a,,,,,0.1,4,8,1.3,2.0,12,1,439,6,0,1,0,10,0,75,0.02,0.42,0.44,7.77,0.0,0.09,0.09,1.59,46,9.43,20,17,9,0,0.0,1.23,,1,,1.3,1.3,0,0.3,2.4
268,King,Josh,King,10,54,3,56,0,1,a,,,,,4.7,1739,229,2.0,4.2,25,1,464,6,2,0,2,7,3,114,1.54,0.47,2.01,8.36,0.3,0.09,0.39,1.62,30,5.82,5,18,7,0,0.0,1.16,,,,2.0,2.0,0,0.4,4.5
269,Sessegnon,Ryan,Sessegnon,10,54,2,43,0,-2,a,100,100,,2026-09-14T11:30:07.403957Z,0.3,18,15,0.3,1.0,4,1,89,1,0,0,0,1,0,15,0.17,0.45,0.62,1.87,0.17,0.46,0.63,1.89,5,5.06,4,6,1,0,0.0,1.01,,3,,0.3,0.3,0,0.1,0.9
270,Reed,Harrison,Reed,10,54,3,44,0,-1,a,,,,,1.1,72,159,0.0,0.0,0,0,0,0,0,0,0,0,0,0,0.00,0.00,0.00,0.00,0,0,0,0,0,0,0,0,0,0,0,0,,,,0.0,0.0,0,0.0,0.0
271,Muniz,Rodrigo,Muniz Carvalho,10,54,4,54,0,-1,a,,,,,0.4,107,44,0.3,0.8,3,0,38,0,0,0,0,1,0,14,0.40,0.00,0.40,0.85,0.95,0.0,0.95,2.01,3,7.11,3,0,0,0,0.0,0.0,,,,0.3,0.3,0,0.1,0.6
272,Kusi-Asare,Jonah,Kusi-Asare,10,54,4,45,0,0,a,,,,,5.1,437,597,0.0,0.0,0,0,0,0,0,0,0,0,0,0,0.00,0.00,0.00,0.00,0,0,0,0,0,0,0,0,0,0,0,0,,,,0.0,0.0,0,0.0,0.0
273,Phillips,Dillon,Phillips,11,88,1,40,0,0,a,,,,,1.4,30,41,0.0,0.0,0,0,0,0,0,0,0,0,0,0,0.00,0.00,0.00,0.00,0,0,0,0,0,0,0,0,0,0,0,0,,,,0.0,0.0,0,0.0,0.0
274,Butland,Jack,Butland,11,88,1,44,0,-1,i,0,0,Arm injury - Unknown return date,2026-08-08T19:00:05.601633Z,0.1,1,8,0.0,0.0,0,0,0,0,0,0,0,0,0,0,0.00,0.00,0.00,0.00,0,0,0,0,0,0,0,0,0,0,0,0,,,,0.0,0.0,0,0.0,0.0
275,Cartwright,Harvey,Cartwright,11,88,1,40,0,0,u,0,0,Has joined Grimsby Town on loan for the rest of the season,2026-07-29T13:00:27.959925Z,0.0,0,0,0.0,0.0,0,0,0,0,0,0,0,0,0,0,0.00,0.00,0.00,0.00,0,0,0,0,0,0,0,0,0,0,0,0,,,,0.0,0.0,0,0.0,0.0
276,Lo-Tutala,Thimothée,Lo-Tutala,11,88,1,40,0,0,u,0,0,Has joined Colchester United on loan for the rest of the season,2026-08-17T13:50:27.125537Z,0.0,0,0,0.0,0.0,0,0,0,0,0,0,0,0,0,0,0.00,0.00,0.00,0.00,0,0,0,0,0,0,0,0,0,0,0,0,,,,0.0,0.0,0,0.0,0.0
277,Egan,John,Egan,11,88,2,41,0,1,a,,,,,7.5,387,575,1.0,5.2,26,0,437,5,0,0,3,4,1,71,0.05,0.00,0.05,7.27,0.01,0.0,0.01,1.5,59,12.15,50,12,9,0,0.0,1.03,,,,1.0,1.0,0,0.2,6.3
278,Hughes,Charlie,Hughes,11,88,2,39,0,-1,i,0,0,Groin injury - Unknown return date,2026-08-02T09:00:11.030017Z,0.2,11,38,0.0,0.0,0,0,0,0,0,0,0,0,0,0,0.00,0.00,0.00,0.00,0,0,0,0,0,0,0,0,0,0,0,0,,,,0.0,0.0,0,0.0,0.0
279,Ajayi,Semi,Ajayi,11,88,2,42,0,2,a,100,100,,2026-08-22T17:30:07.668197Z,14.0,763,1299,0.7,5.4,27,0,423,5,1,0,3,4,2,79,0.66,0.01,0.67,6.43,0.14,0.0,0.14,1.37,27,5.74,21,16,6,0,0.0,1.06,,,,0.7,0.7,1,0.2,6.4
280,Coyle,Lewie,Coyle,11,88,2,40,0,0,a,100,100,,2026-08-29T16:30:08.151841Z,0.7,51,44,0.7,2.8,14,0,348,5,0,0,2,4,0,49,0.13,0.07,0.20,6.22,0.03,0.02,0.05,1.61,11,2.84,8,11,3,0,0.0,1.29,,,,0.7,0.7,0,0.2,3.5
281,Drameh,Cody,Drameh,11,88,2,40,0,0,u,0,0,Has joined Genoa permanently,2026-09-02T16:09:06.479140Z,0.0,0,3,0.0,1.0,2,0,65,0,0,0,0,0,0,8,0.05,0.00,0.05,0.87,0.07,0.0,0.07,1.2,6,8.31,5,4,1,0,0.0,0.0,,,,0.0,0.0,0,0.0,0.5
282,Giles,Ryan,Giles,11,88,2,40,0,0,a,,,,,3.0,232,245,1.3,4.8,24,0,444,5,0,1,3,4,2,94,0.02,0.43,0.45,7.33,0.0,0.09,0.09,1.49,24,4.86,19,14,5,0,0.0,1.01,,3,1,1.3,1.3,0,0.3,6.0
283,Jacob,Matty,Jacob,11,88,2,40,0,0,u,0,0,Has joined Newport County on loan until January,2026-08-02T09:00:11.038361Z,0.0,0,0,0.0,0.0,0,0,0,0,0,0,0,0,0,0,0.00,0.00,0.00,0.00,0,0,0,0,0,0,0,0,0,0,0,0,,,,0.0,0.0,0,0.0,0.0
284,McCarthy,Cathal,McCarthy,11,88,2,40,0,0,a,,,,,0.1,14,5,0.0,0.0,0,0,0,0,0,0,0,0,0,0,0.00,0.00,0.00,0.00,0,0,0,0,0,0,0,0,0,0,0,0,,,,0.0,0.0,0,0.0,0.0
285,McNair,Paddy,McNair,11,88,2,40,0,0,a,100,100,,2026-09-09T13:30:08.327907Z,0.1,5,10,0.0,1.0,1,0,26,0,0,0,0,0,0,3,0.00,0.00,0.00,0.96,0.0,0.0,0.0,3.32,2,6.92,2,1,0,0,0.0,0.0,,,,0.0,0.0,0,0.0,0.2
286,Belloumi,Mohamed,Belloumi,11,88,3,51,0,1,a,,,,,6.1,2643,535,5.7,6.2,31,0,394,5,2,2,3,3,2,111,0.72,0.43,1.15,6.44,0.16,0.1,0.26,1.47,44,10.05,14,14,16,0,0.0,1.14,,2,2,5.7,5.7,1,1.1,6.1
287,Millar,Liam,Millar,11,88,3,50,0,0,u,0,0,Has joined Birmingham on loan for the rest of the season,2026-09-02T15:36:41.038103Z,0.0,0,6,0.0,3.0,6,0,50,0,1,0,0,0,0,26,0.58,0.00,0.58,0.87,1.04,0.0,1.04,1.57,4,7.2,2,1,1,0,0.0,0.0,,,,0.0,0.0,0,0.0,1.2
288,Dowell,Kieran,Dowell,11,88,3,44,0,-1,a,,,,,0.3,16,33,0.0,0.0,0,0,0,0,0,0,0,0,0,0,0.00,0.00,0.00,0.00,0,0,0,0,0,0,0,0,0,0,0,0,,,,0.0,0.0,0,0.0,0.0
289,Crooks,Matt,Crooks,11,88,3,44,0,-1,a,100,100,,2026-08-29T15:00:08.569326Z,0.5,114,81,0.3,1.0,3,0,203,3,0,0,1,4,0,17,0.00,0.12,0.12,3.57,0.0,0.05,0.05,1.58,21,9.31,9,4,8,0,0.0,1.33,,,,0.3,0.3,0,0.1,0.7
290,Slater,Regan,Slater,11,88,3,45,0,0,a,,,,,5.1,346,664,1.3,3.0,15,0,437,5,0,1,3,4,0,67,0.21,0.59,0.80,7.27,0.04,0.12,0.16,1.5,33,6.8,9,15,9,0,0.0,1.03,,1,,1.3,1.3,0,0.3,3.3
291,Matazo,Eliot,Matazo,11,88,3,45,0,0,i,0,0,Knee injury - Unknown return date,2026-07-23T12:01:23.532635Z,0.0,1,3,0.0,0.0,0,0,0,0,0,0,0,0,0,0,0.00,0.00,0.00,0.00,0,0,0,0,0,0,0,0,0,0,0,0,,,,0.0,0.0,0,0.0,0.0
292,Ömür,Abdülkadir,Ömür,11,88,3,49,0,-1,a,,,,,0.0,2,2,0.0,0.0,0,0,0,0,0,0,0,0,0,0,0.00,0.00,0.00,0.00,0,0,0,0,0,0,0,0,0,0,0,0,,,,0.0,0.0,0,0.0,0.0
293,Kamara,Abu,Kamara,11,88,3,50,0,0,u,0,0,Has joined Portsmouth permanently,2026-08-12T14:08:23.542043Z,0.0,0,0,0.0,0.0,0,0,0,0,0,0,0,0,0,0,0.00,0.00,0.00,0.00,0,0,0,0,0,0,0,0,0,0,0,0,,,,0.0,0.0,0,0.0,0.0
294,Zambrano,Óscar,Zambrano,11,88,3,45,0,0,a,100,100,,2026-08-04T18:30:11.016909Z,0.1,1,21,0.0,0.0,0,0,0,0,0,0,0,0,0,0,0.00,0.00,0.00,0.00,0,0,0,0,0,0,0,0,0,0,0,0,,,,0.0,0.0,0,0.0,0.0
295,McBurnie,Oli,McBurnie,11,88,4,55,0,0,a,,,,,1.9,395,312,1.7,2.6,13,0,441,5,0,2,3,4,0,52,1.23,0.13,1.36,7.21,0.25,0.03,0.28,1.47,21,4.29,9,9,3,0,0.0,1.02,1,,,1.7,1.7,0,0.3,2.4
296,Akintola,David,Akintola,11,88,3,50,0,0,u,0,0,Has joined Omonoia FC permanently,2026-09-11T14:42:38.120231Z,0.0,0,7,0.0,0.0,0,0,0,0,0,0,0,0,0,0,0.00,0.00,0.00,0.00,0,0,0,0,0,0,0,0,0,0,0,0,,,,0.0,0.0,0,0.0,0.0
297,Gyabi,Darko,Gyabi,11,88,3,44,0,-1,i,0,0,Thigh injury - Unknown return date,2026-08-04T18:30:11.027155Z,0.0,1,2,0.0,0.0,0,0,0,0,0,0,0,0,0,0,0.00,0.00,0.00,0.00,0,0,0,0,0,0,0,0,0,0,0,0,,,,0.0,0.0,0,0.0,0.0
298,Destan,Enis,Destan,11,88,4,45,0,0,u,0,0,Has joined Konyaspor permanently,2026-08-17T13:50:27.145733Z,0.2,0,24,0.0,0.0,0,0,0,0,0,0,0,0,0,0,0.00,0.00,0.00,0.00,0,0,0,0,0,0,0,0,0,0,0,0,,,,0.0,0.0,0,0.0,0.0
299,Burstow,Mason,Burstow,11,88,4,45,0,0,u,0,0,Has joined Sheffield Wednesday on loan for the rest of the season,2026-08-03T14:05:20.234842Z,0.0,0,2,0.0,0.0,0,0,0,0,0,0,0,0,0,0,0.00,0.00,0.00,0.00,0,0,0,0,0,0,0,0,0,0,0,0,,,,0.0,0.0,0,0.0,0.0
300,Walton,Christian,Walton,12,40,1,44,0,-1,a,,,,,0.4,35,16,1.0,1.5,3,1,129,2,0,0,0,1,0,17,0.00,0.01,0.01,2.64,0.0,0.01,0.01,1.84,0,0.0,3,20,0,2,1.4,1.4,,,,1.0,1.0,0,0.2,0.7
301,Palmer,Alex,Palmer,12,40,1,40,0,0,a,,,,,3.8,62,155,0.0,0.0,0,0,0,0,0,0,0,0,0,0,0.00,0.00,0.00,0.00,0,0,0,0,0,0,0,0,0,0,0,0,,,,0.0,0.0,0,0.0,0.0
302,Button,David,Button,12,40,1,40,0,0,a,,,,,0.6,16,13,0.0,0.0,0,0,0,0,0,0,0,0,0,0,0.00,0.00,0.00,0.00,0,0,0,0,0,0,0,0,0,0,0,0,,,,0.0,0.0,0,0.0,0.0
303,Kipré,Cédric,Kipré,12,40,2,39,0,-1,a,,,,,0.9,97,84,0.0,0.0,0,0,0,0,0,0,0,0,0,0,0.00,0.00,0.00,0.00,0,0,0,0,0,0,0,0,0,0,0,0,,,,0.0,0.0,0,0.0,0.0
304,O'Shea,Dara,O'Shea,12,40,2,40,0,0,a,,,,,2.5,56,196,1.3,1.8,11,1,489,6,0,0,0,11,0,27,0.07,0.26,0.33,9.38,0.01,0.05,0.06,1.73,51,9.39,44,21,7,0,0.0,1.1,,,,1.3,1.3,0,0.3,2.8
305,Davis,Leif,Davis,12,40,2,40,0,0,a,,,,,7.7,913,472,5.3,4.2,25,0,489,6,2,2,0,11,1,51,1.59,0.46,2.05,9.38,0.29,0.08,0.37,1.73,25,4.6,23,10,2,0,0.0,1.1,,,2,5.3,5.3,1,1.3,6.2
306,Greaves,Jacob,Greaves,12,40,2,39,0,-1,a,,,,,1.1,267,73,0.3,0.8,3,0,357,4,0,0,0,10,0,12,0.00,0.06,0.06,6.74,0.0,0.02,0.02,1.7,30,7.56,25,12,5,0,0.0,1.01,,,,0.3,0.3,0,0.1,0.8
307,Johnson,Ben,Johnson,12,40,2,40,0,0,u,0,0,Has joined Stoke City on loan for the rest of the season,2026-09-04T12:36:56.236331Z,0.1,0,13,0.0,0.0,0,0,0,0,0,0,0,0,0,0,0.00,0.00,0.00,0.00,0,0,0,0,0,0,0,0,0,0,0,0,,,,0.0,0.0,0,0.0,0.0
308,Furlong,Darnell,Furlong,12,40,2,39,0,-1,a,,,,,0.6,59,46,0.0,1.0,1,0,17,0,0,0,0,1,0,-1,0.00,0.00,0.00,0.86,0.0,0.0,0.0,4.55,3,15.88,2,0,1,0,0.0,0.0,,,,0.0,0.0,0,0.0,0.3
309,Núñez,Marcelino,Núñez,12,40,3,49,0,-1,a,,,,,0.1,3,10,0.0,3.0,6,0,140,2,0,0,0,4,0,32,0.03,0.05,0.08,3.48,0.02,0.03,0.05,2.24,21,13.5,8,10,3,0,0.0,1.29,,3,1,0.0,0.0,0,0.0,1.2
310,Matusiwa,Azor,Matusiwa,12,40,3,49,0,-1,a,100,100,,2026-07-29T18:00:10.305484Z,0.0,0,0,0.0,0.0,0,0,0,0,0,0,0,0,0,0,0.00,0.00,0.00,0.00,0,0,0,0,0,0,0,0,0,0,0,0,,,,0.0,0.0,0,0.0,0.0
311,Burns,Wes,Burns,12,40,3,50,0,0,u,0,0,Has joined Leicester City permanently,2026-08-10T14:02:47.597478Z,0.0,0,0,0.0,0.0,0,0,0,0,0,0,0,0,0,0,0.00,0.00,0.00,0.00,0,0,0,0,0,0,0,0,0,0,0,0,,,,0.0,0.0,0,0.0,0.0
312,Taylor,Jack,Taylor,12,40,3,44,0,-1,a,100,100,,2026-07-29T18:00:10.319370Z,0.0,21,8,0.0,0.0,0,0,0,0,0,0,0,0,0,0,0.00,0.00,0.00,0.00,0,0,0,0,0,0,0,0,0,0,0,0,,,,0.0,0.0,0,0.0,0.0
313,Clarke,Jack,Clarke,12,40,3,53,0,-2,a,,,,,0.2,7,27,1.0,2.8,11,0,170,2,1,0,0,2,1,48,0.30,0.37,0.67,1.97,0.16,0.2,0.36,1.04,10,5.29,3,5,2,0,0.0,1.06,1,4,3,1.0,1.0,0,0.2,2.1
314,Ogbene,Chiedozie,Ogbene,12,40,3,49,0,-1,u,0,0,Has joined Lincoln City on loan until January,2026-09-02T16:04:17.497385Z,0.0,0,2,0.0,0.0,0,0,0,0,0,0,0,0,0,0,0.00,0.00,0.00,0.00,0,0,0,0,0,0,0,0,0,0,0,0,,,,0.0,0.0,0,0.0,0.0
315,Fatawu,Abdul,Fatawu,12,40,3,54,0,-1,s,0,0,Suspended until 17 Oct,2026-09-19T15:30:10.126897Z,0.1,0,62,0.0,1.6,8,0,352,5,0,1,0,10,0,71,0.17,1.11,1.28,7.79,0.04,0.28,0.32,1.99,28,7.16,8,11,9,0,0.0,1.28,,2,,0.0,0.0,0,0.0,1.5
316,Emersonn,Emersonn,Correia da Silva,12,40,4,56,0,1,a,100,100,,2026-08-31T09:30:08.306145Z,4.0,786,760,5.0,4.5,27,1,356,6,2,1,0,6,6,116,1.61,0.12,1.73,4.69,0.41,0.03,0.44,1.19,10,2.53,3,4,3,0,0.0,1.52,2,,,5.0,5.0,1,0.9,4.8
317,Hirst,George,Hirst,12,40,4,50,0,0,u,0,0,Has joined Stoke City permanently,2026-08-21T13:06:08.606019Z,0.1,0,15,0.0,0.0,0,0,0,0,0,0,0,0,0,0,0.00,0.00,0.00,0.00,0,0,0,0,0,0,0,0,0,0,0,0,,,,0.0,0.0,0,0.0,0.0
318,Philogene,Jaden,Philogene,12,40,3,54,0,-1,a,100,100,,2026-08-25T11:30:07.532993Z,0.1,0,3,1.0,1.0,3,1,91,1,0,0,0,1,0,17,0.11,0.02,0.12,1.37,0.11,0.02,0.13,1.35,7,6.92,1,5,1,0,0.0,0.99,3,5,,1.0,1.0,0,0.2,0.6
319,Szmodics,Sam,Szmodics,12,40,3,50,0,0,u,0,0,Has joined Derby County on loan for the rest of the season,2026-08-17T13:51:41.713979Z,0.0,0,0,0.0,0.0,0,0,0,0,0,0,0,0,0,0,0.00,0.00,0.00,0.00,0,0,0,0,0,0,0,0,0,0,0,0,,,,0.0,0.0,0,0.0,0.0
320,Akpom,Chuba,Akpom,12,40,4,50,0,0,a,,,,,1.1,130,230,0.3,2.3,7,0,78,0,1,0,0,4,0,36,1.14,0.00,1.14,4.20,1.32,0.0,1.32,4.85,3,3.46,0,2,1,0,0.0,0.0,,,,0.3,0.3,0,0.1,1.4
321,Walle Egeli,Sindre,Walle Egeli,12,40,4,45,0,0,a,,,,,3.5,463,562,0.0,1.0,1,0,10,0,0,0,0,0,0,3,0.00,0.00,0.00,0.03,0.0,0.0,0.0,0.27,0,0.0,0,0,0,0,0.0,0.0,,,,0.0,0.0,0,0.0,0.2
322,Al-Hamadi,Ali,Al-Hamadi,12,40,4,50,0,0,u,0,0,Has joined Sheffield Wednesday on loan for the rest of the season,2026-08-27T14:54:10.215357Z,0.0,0,9,0.0,0.0,0,0,0,0,0,0,0,0,0,0,0.00,0.00,0.00,0.00,0,0,0,0,0,0,0,0,0,0,0,0,,,,0.0,0.0,0,0.0,0.0
323,McAteer,Kasey,McAteer,12,40,3,44,0,-1,a,,,,,1.0,90,121,0.0,1.0,3,0,42,0,0,0,0,0,0,12,0.05,0.00,0.05,0.21,0.11,0.0,0.11,0.45,5,10.71,0,4,1,0,0.0,0.0,,,,0.0,0.0,0,0.0,0.7
324,Mehmeti,Anis,Mehmeti,12,40,3,48,0,-2,a,,,,,0.0,1,0,0.0,0.0,0,0,0,0,0,0,0,0,0,0,0.00,0.00,0.00,0.00,0,0,0,0,0,0,0,0,0,0,0,0,,,,0.0,0.0,0,0.0,0.0
325,Darlow,Karl,Darlow,16,1,1,45,0,0,d,75,75,Unspecified injury - 75% chance of playing,2026-09-21T13:30:08.885505Z,0.0,0,11,0.0,0.0,0,0,0,0,0,0,0,0,0,0,0.00,0.00,0.00,0.00,0,0,0,0,0,0,0,0,0,0,0,0,,,,0.0,0.0,0,0.0,0.0
326,Perri,Lucas Estella,Perri,13,2,1,45,0,0,u,0,0,Has joined Torino on loan for the rest of the season,2026-09-01T13:12:39.210133Z,0.3,0,29,0.0,0.0,0,0,0,0,0,0,0,0,0,0,0.00,0.00,0.00,0.00,0,0,0,0,0,0,0,0,0,0,0,0,,,,0.0,0.0,0,0.0,0.0
327,Bijol,Jaka,Bijol,13,2,2,50,0,0,a,,,,,0.7,32,163,0.3,3.2,13,1,168,2,0,0,1,2,2,32,0.11,0.00,0.11,3.44,0.06,0.0,0.06,1.84,23,12.32,20,7,3,0,0.0,1.07,,,,0.3,0.3,0,0.1,2.6
328,Struijk,Pascal,Struijk,5,36,2,49,0,-1,a,100,75,,2026-09-22T10:00:09.404233Z,0.2,5,37,2.3,2.0,8,1,137,2,0,0,1,0,0,34,0.16,0.01,0.17,2.16,0.11,0.01,0.12,1.42,12,7.88,11,6,1,0,0.0,1.31,,,,2.3,1.7,0,0.5,1.6
329,Rodon,Joe,Rodon,13,2,2,43,0,-2,i,0,0,Hamstring injury - Expected back 21 Nov,2026-08-30T16:00:08.564382Z,0.6,3,162,0.0,3.5,7,0,123,2,0,0,1,0,0,25,0.03,0.06,0.09,1.01,0.02,0.04,0.06,0.74,11,8.05,10,2,1,0,0.0,1.46,,,,0.0,0.0,0,0.0,1.6
330,Bogle,Jayden,Bogle,13,2,2,46,0,1,a,,,,,8.3,4091,604,7.0,7.2,43,1,450,6,2,0,4,3,6,123,1.57,0.11,1.68,5.19,0.31,0.02,0.33,1.04,17,3.4,12,16,5,0,0.0,1.2,,,,7.0,7.0,2,1.5,9.3
331,Gudmundsson,Gabriel,Gudmundsson,13,2,2,45,0,0,a,100,100,,2026-08-08T20:00:07.546568Z,0.1,159,5,5.3,4.5,18,4,342,4,0,1,2,3,0,82,0.07,0.26,0.33,6.41,0.02,0.07,0.09,1.69,18,4.74,8,15,10,0,0.0,1.05,,,,5.3,5.3,1,1.2,4.0
332,Justin,James,Justin,13,2,2,45,0,0,a,,,,,1.5,764,101,5.3,5.3,32,6,528,6,1,0,2,5,4,103,0.39,0.42,0.81,7.95,0.07,0.07,0.14,1.36,49,8.35,32,17,17,0,0.0,1.02,,,,5.3,5.3,1,1.2,7.1
333,Bornauw,Sebastiaan,Bornauw,13,2,2,45,0,0,u,0,0,Has joined Hamburg SV on loan for the rest of the season,2026-08-19T13:56:14.645970Z,0.0,0,0,0.0,0.0,0,0,0,0,0,0,0,0,0,0,0.00,0.00,0.00,0.00,0,0,0,0,0,0,0,0,0,0,0,0,,,,0.0,0.0,0,0.0,0.0
334,Muharemović,Tarik,Muharemović,13,2,2,50,0,0,a,,,,,4.6,447,302,4.3,4.5,27,0,540,6,0,1,2,5,0,105,0.49,0.05,0.54,9.04,0.08,0.01,0.09,1.51,67,11.17,62,19,5,0,0.0,1.0,,,,4.3,4.3,0,0.9,5.4
335,Stach,Anton,Stach,13,2,3,60,0,0,a,,,,,2.4,336,342,3.3,4.8,29,2,537,6,1,0,3,4,3,99,1.07,0.48,1.55,8.75,0.18,0.08,0.26,1.47,68,11.4,28,24,16,0,0.0,1.01,,1,1,3.3,3.3,1,0.6,4.8
336,Okafor,Noah,Okafor,13,2,3,58,0,-2,a,,,,,0.4,234,92,4.7,3.3,20,2,369,5,1,0,3,3,1,86,0.22,0.28,0.50,3.77,0.05,0.07,0.12,0.92,20,4.88,3,10,7,0,0.0,1.22,,,,4.7,4.7,0,0.8,3.4
337,Aaronson,Brenden,Aaronson,13,2,3,53,0,-2,a,,,,,0.4,9,69,1.0,1.3,8,1,213,2,0,0,1,3,0,37,0.01,0.02,0.03,4.95,0.0,0.01,0.01,2.09,18,7.61,2,12,4,0,0.0,0.85,,,4,1.0,1.0,0,0.2,1.5
338,Ampadu,Ethan,Ampadu,13,2,3,54,0,-1,a,,,,,0.9,132,105,4.3,3.7,22,1,540,6,0,1,2,5,0,99,0.09,0.29,0.38,9.04,0.02,0.05,0.07,1.51,66,11.0,27,26,13,0,0.0,1.0,,,,4.3,4.3,0,0.8,4.1
339,Longstaff,Sean,Longstaff,13,2,3,48,0,-2,a,,,,,0.1,17,19,0.3,1.0,2,0,10,0,0,0,0,1,0,7,0.00,0.00,0.00,0.35,0.0,0.0,0.0,3.15,0,0.0,0,0,0,0,0.0,0.0,,3,3,0.3,0.3,0,0.1,0.4
340,Gelhardt,Joe,Gelhardt,11,88,3,50,0,0,a,100,100,,2026-08-17T21:30:07.799839Z,0.0,0,3,0.3,1.0,1,0,7,0,0,0,0,0,0,5,0.10,0.02,0.12,0.13,1.29,0.26,1.55,1.67,1,12.86,0,1,0,0,0.0,0.0,,,,0.3,0.3,0,0.1,0.2
341,Gnonto,Wilfried,Gnonto,13,2,3,50,0,0,u,0,0,Has joined ACF Fiorentina on loan for the rest of the season,2026-09-02T16:04:47.189648Z,0.0,0,2,0.0,0.0,0,0,0,0,0,0,0,0,0,0,0.00,0.00,0.00,0.00,0,0,0,0,0,0,0,0,0,0,0,0,,,,0.0,0.0,0,0.0,0.0
342,Harrison,Jack,Harrison,13,2,3,50,0,0,u,0,0,Has joined New England Revolution permanently,2026-07-28T12:59:09.492431Z,0.0,0,0,0.0,0.0,0,0,0,0,0,0,0,0,0,0,0.00,0.00,0.00,0.00,0,0,0,0,0,0,0,0,0,0,0,0,,,,0.0,0.0,0,0.0,0.0
343,James,Daniel,James,13,2,3,49,0,-1,i,0,0,Back injury - Expected back 18 Oct,2026-10-08T14:00:11.803126Z,0.1,1,60,0.7,1.0,3,0,52,0,0,0,0,1,0,9,0.35,0.01,0.36,1.61,0.61,0.02,0.63,2.79,5,8.65,1,4,0,0,0.0,0.0,,,,0.0,0.0,0,0.1,0.6
344,Gruev,Ilia,Gruev,13,2,3,50,0,0,a,100,100,,2026-08-14T23:00:06.272027Z,0.0,1,0,0.0,0.0,0,0,0,0,0,0,0,0,0,0,0.00,0.00,0.00,0.00,0,0,0,0,0,0,0,0,0,0,0,0,,,,0.0,0.0,0,0.0,0.0
345,Tanaka,Tanaka,Ao,13,2,3,49,0,-1,a,,,,,0.3,122,67,3.0,3.0,15,1,325,4,0,2,2,3,0,54,0.82,0.05,0.87,4.64,0.23,0.01,0.24,1.28,36,9.97,12,14,10,0,0.0,1.11,,4,,3.0,3.0,0,0.6,3.1
346,Calvert-Lewin,Dominic,Calvert-Lewin,13,2,4,60,0,0,a,,,,,22.8,5080,2973,4.7,4.0,24,2,509,6,2,1,3,4,4,80,3.00,0.08,3.08,7.43,0.53,0.01,0.54,1.31,26,4.6,11,15,0,0,0.0,1.06,1,,,4.7,4.7,0,0.8,4.0
347,Nmecha,Lukas,Nmecha,13,2,4,54,0,-1,a,,,,,0.4,82,106,1.0,1.6,8,1,75,0,0,1,0,1,0,31,0.27,0.15,0.42,3.98,0.32,0.18,0.5,4.78,6,7.2,0,5,1,0,0.0,0.0,2,,,1.0,1.0,0,0.2,1.5
348,Piroe,Joël,Piroe,13,2,4,50,0,0,u,0,0,Has joined West Ham United on loan for the rest of the season,2026-08-19T13:56:14.666726Z,0.1,0,8,0.0,0.0,0,0,0,0,0,0,0,0,0,0,0.00,0.00,0.00,0.00,0,0,0,0,0,0,0,0,0,0,0,0,3,,,0.0,0.0,0,0.0,0.0
349,Mateo Joseph,Mateo,Joseph Fernández-Regatillo,13,2,4,45,0,0,i,0,0,Knee injury - Unknown return date,2026-07-29T18:00:10.338170Z,0.1,9,19,0.0,0.0,0,0,0,0,0,0,0,0,0,0,0.00,0.00,0.00,0.00,0,0,0,0,0,0,0,0,0,0,0,0,,,,0.0,0.0,0,0.0,0.0
350,A.Becker,Alisson,Becker,14,14,1,55,0,0,a,,,,,4.2,530,270,5.7,5.4,27,0,450,5,0,0,3,4,5,96,0.00,0.00,0.00,6.12,0.0,0.0,0.0,1.22,0,0.0,10,47,0,14,2.8,1.0,,,,5.7,5.7,0,1.0,4.9
351,Mamardashvili,Giorgi,Mamardashvili,14,14,1,48,0,-2,a,,,,,0.1,9,14,0.0,0.0,0,0,0,0,0,0,0,0,0,0,0.00,0.00,0.00,0.00,0,0,0,0,0,0,0,0,0,0,0,0,,,,0.0,0.0,0,0.0,0.0
352,Woodman,Freddie,Woodman,14,14,1,40,0,0,a,,,,,1.0,17,44,0.0,0.0,0,0,0,0,0,0,0,0,0,0,0.00,0.00,0.00,0.00,0,0,0,0,0,0,0,0,0,0,0,0,,,,0.0,0.0,0,0.0,0.0
353,Pecsi,Armin,Pecsi,14,14,1,40,0,0,u,0,0,Has joined TSV Hartberg on loan for the rest of the season,2026-08-18T14:11:18.638344Z,0.0,0,0,0.0,0.0,0,0,0,0,0,0,0,0,0,0,0.00,0.00,0.00,0.00,0,0,0,0,0,0,0,0,0,0,0,0,,,,0.0,0.0,0,0.0,0.0
354,Jaros,Vitezslav,Jaros,14,14,1,40,0,0,i,0,0,Knee injury - Unknown return date,2026-07-29T18:00:10.351066Z,0.0,4,1,0.0,0.0,0,0,0,0,0,0,0,0,0,0,0.00,0.00,0.00,0.00,0,0,0,0,0,0,0,0,0,0,0,0,,,,0.0,0.0,0,0.0,0.0
355,Davies,Harvey,Davies,14,14,1,40,0,0,a,,,,,0.2,10,13,0.0,0.0,0,0,0,0,0,0,0,0,0,0,0.00,0.00,0.00,0.00,0,0,0,0,0,0,0,0,0,0,0,0,,,,0.0,0.0,0,0.0,0.0
356,Virgil,Virgil,van Dijk,14,14,2,65,0,0,a,,,,,16.0,1078,838,5.3,5.0,25,0,450,5,0,0,3,4,0,96,0.25,0.08,0.33,6.12,0.05,0.02,0.07,1.22,48,9.6,43,18,5,0,0.0,1.0,,,,5.3,5.3,0,0.8,3.8
357,Frimpong,Jeremie,Frimpong,14,14,2,53,0,-2,a,,,,,1.7,75,216,0.3,0.7,2,0,178,2,0,0,0,4,0,24,0.01,0.23,0.24,3.91,0.01,0.12,0.13,1.98,12,6.07,8,7,4,0,0.0,1.01,,,,0.3,0.3,0,0.1,0.4
358,Kerkez,Milos,Kerkez,14,14,2,53,0,-2,a,,,,,2.1,79,160,2.3,2.6,13,0,385,4,0,0,2,4,0,63,0.07,0.08,0.15,5.65,0.02,0.02,0.04,1.32,30,7.01,22,10,8,0,0.0,0.94,,,,2.3,2.3,0,0.4,2.5
359,Gomez,Joe,Gomez,14,14,2,49,0,-1,a,100,100,,2026-07-26T08:30:10.078473Z,0.0,12,6,0.0,0.0,0,0,0,0,0,0,0,0,0,0,0.00,0.00,0.00,0.00,0,0,0,0,0,0,0,0,0,0,0,0,,,,0.0,0.0,0,0.0,0.0
360,Bradley,Conor,Bradley,14,14,2,50,0,0,i,0,0,Knee injury - Unknown return date,2026-07-23T12:01:23.565711Z,0.0,1,5,0.0,0.0,0,0,0,0,0,0,0,0,0,0,0.00,0.00,0.00,0.00,0,0,0,0,0,0,0,0,0,0,0,0,,,,0.0,0.0,0,0.0,0.0
361,Lucky,Wellity,Lucky,14,14,2,40,0,0,a,,,,,0.1,12,15,0.0,0.0,0,0,0,0,0,0,0,0,0,0,0.00,0.00,0.00,0.00,0,0,0,0,0,0,0,0,0,0,0,0,,,,0.0,0.0,0,0.0,0.0
362,Jacquet,Jeremy,Jacquet,14,14,2,50,0,0,a,100,100,,2026-10-06T00:30:10.323830Z,3.6,1399,171,5.0,4.8,24,0,415,5,0,0,3,4,3,112,0.00,0.14,0.14,5.51,0.0,0.03,0.03,1.19,36,7.81,25,21,11,0,0.0,1.08,,,,5.0,5.0,0,1.0,4.8
363,Leoni,Giovanni,Leoni,14,14,2,40,0,0,i,0,0,Knee injury - Unknown return date,2026-07-23T12:01:23.596909Z,0.0,1,2,0.0,0.0,0,0,0,0,0,0,0,0,0,0,0.00,0.00,0.00,0.00,0,0,0,0,0,0,0,0,0,0,0,0,,,,0.0,0.0,0,0.0,0.0
364,Tsimikas,Kostas,Tsimikas,14,14,2,49,0,-1,a,,,,,0.1,1,8,0.3,1.0,2,0,64,1,0,0,0,0,0,6,0.04,0.02,0.06,0.47,0.06,0.03,0.09,0.66,3,4.22,2,3,1,0,0.0,1.41,,4,,0.3,0.3,0,0.1,0.4
365,Ramsay,Calvin,Ramsay,14,14,2,40,0,0,u,0,0,Has joined St Mirren on loan for the rest of the season,2026-08-26T14:05:26.748768Z,0.1,0,14,0.0,0.0,0,0,0,0,0,0,0,0,0,0,0.00,0.00,0.00,0.00,0,0,0,0,0,0,0,0,0,0,0,0,,,,0.0,0.0,0,0.0,0.0
366,Wirtz,Florian,Wirtz,14,14,3,73,0,-2,a,,,,,5.4,707,530,3.0,3.6,18,0,402,5,0,2,3,4,0,92,1.00,0.40,1.40,4.82,0.22,0.09,0.31,1.08,36,8.06,3,25,8,0,0.0,1.12,4,2,2,3.0,3.0,0,0.4,2.5
367,Gakpo,Cody,Gakpo,14,14,3,72,0,2,i,0,0,Ankle injury - Unknown return date,2026-09-27T21:30:07.786183Z,9.4,52,17176,1.3,6.4,32,0,370,4,1,3,2,4,5,113,0.64,1.71,2.35,5.51,0.16,0.42,0.58,1.34,32,7.78,9,15,8,0,0.0,0.97,3,3,,0.0,0.0,2,0.2,4.4
368,Szoboszlai,Dominik,Szoboszlai,14,14,3,69,0,-1,a,,,,,30.2,2469,2995,1.7,4.0,20,0,440,5,1,0,3,4,1,103,1.42,0.82,2.24,5.99,0.29,0.17,0.46,1.23,41,8.39,13,22,6,0,0.0,1.02,1,1,1,1.7,1.7,0,0.2,2.9
369,Ngumoha,Rio,Ngumoha,14,14,3,57,0,-3,a,,,,,0.4,75,64,0.3,1.3,4,0,99,1,0,0,0,2,0,13,0.15,0.05,0.20,0.68,0.14,0.05,0.19,0.62,4,3.64,1,2,1,0,0.0,0.91,,,,0.3,0.3,0,0.1,0.7
370,Chiesa,Federico,Chiesa,14,14,3,53,0,-2,d,25,25,Back injury - 25% chance of playing,2026-08-27T13:30:07.598926Z,0.0,0,5,0.0,0.0,0,0,0,0,0,0,0,0,0,0,0.00,0.00,0.00,0.00,0,0,0,0,0,0,0,0,0,0,0,0,,,,0.0,0.0,0,0.0,0.0
371,Gravenberch,Ryan,Gravenberch,14,14,3,58,0,-2,a,,,,,1.0,103,132,0.7,1.8,9,0,190,2,0,1,0,2,0,51,0.10,0.08,0.18,2.02,0.05,0.04,0.09,0.96,25,11.84,10,11,4,0,0.0,0.95,,,,0.7,0.7,0,0.1,1.6
372,Mac Allister,Alexis,Mac Allister,14,14,3,54,0,-1,a,,,,,1.3,180,148,2.0,2.2,11,0,306,3,0,0,2,2,0,59,0.10,0.49,0.59,4.85,0.03,0.14,0.17,1.43,41,12.06,11,19,11,0,0.0,0.88,5,,,2.0,2.0,0,0.4,2.0
373,C.Jones,Curtis,Jones,14,14,3,55,0,0,u,0,0,Has joined Internazionale permanently,2026-08-16T18:30:07.426408Z,0.0,0,5,0.0,0.0,0,0,0,0,0,0,0,0,0,0,0.00,0.00,0.00,0.00,0,0,0,0,0,0,0,0,0,0,0,0,,,,0.0,0.0,0,0.0,0.0
374,Endo,Endo,Wataru,14,14,3,49,0,-1,a,100,100,,2026-07-23T12:01:23.612529Z,0.1,5,9,0.0,0.0,0,0,0,0,0,0,0,0,0,0,0.00,0.00,0.00,0.00,0,0,0,0,0,0,0,0,0,0,0,0,,,,0.0,0.0,0,0.0,0.0
375,Nyoni,Trey,Nyoni,14,14,3,48,0,-2,a,,,,,0.0,8,8,0.3,1.0,3,0,38,0,0,0,0,0,0,9,0.00,0.00,0.00,0.36,0.0,0.0,0.0,0.85,10,23.68,6,2,2,0,0.0,0.0,,,,0.3,0.3,0,0.1,0.6
376,Bajcetic,Stefan,Bajčetić Maquieira,14,14,3,50,0,0,u,0,0,Has joined Celta Vigo permanently,2026-07-23T12:01:23.628373Z,0.0,0,0,0.0,0.0,0,0,0,0,0,0,0,0,0,0,0.00,0.00,0.00,0.00,0,0,0,0,0,0,0,0,0,0,0,0,,,,0.0,0.0,0,0.0,0.0
377,Munoz,Victor,Munoz,14,14,3,65,0,0,a,,,,,0.8,158,169,0.7,3.0,15,0,257,3,1,1,1,2,0,60,0.52,0.31,0.83,4.63,0.18,0.11,0.29,1.62,16,5.6,5,8,3,0,0.0,1.05,,,,0.7,0.7,0,0.1,2.3
378,McConnell,James,McConnell,14,14,3,44,0,-1,a,,,,,0.2,17,31,0.0,0.0,0,0,0,0,0,0,0,0,0,0,0.00,0.00,0.00,0.00,0,0,0,0,0,0,0,0,0,0,0,0,,,,0.0,0.0,0,0.0,0.0
379,Isak,Alexander,Isak,14,14,4,91,0,1,i,0,0,Thigh injury - Unknown return date,2026-09-27T10:30:09.051435Z,16.7,195,24733,3.3,6.6,33,0,413,5,4,0,3,4,8,133,3.54,0.08,3.62,5.82,0.77,0.02,0.79,1.27,7,1.53,3,3,1,0,0.0,1.09,2,,,0.0,0.0,1,0.4,3.6
380,Ekitiké,Hugo,Ekitiké,14,14,4,74,0,-1,i,0,0,Achilles injury - Unknown return date,2026-07-23T12:01:23.643771Z,0.1,21,18,0.0,0.0,0,0,0,0,0,0,0,0,0,0,0.00,0.00,0.00,0.00,0,0,0,0,0,0,0,0,0,0,0,0,,,,0.0,0.0,0,0.0,0.0
381,Koumas,Lewis,Koumas,14,14,3,50,0,0,a,,,,,0.0,8,7,0.3,1.0,3,0,22,0,0,0,0,0,0,14,0.28,0.00,0.28,0.72,1.15,0.0,1.15,2.95,1,4.09,0,1,0,0,0.0,0.0,,,,0.3,0.3,0,0.1,0.6
382,Danns,Jayden,Danns,14,14,4,45,0,0,a,100,100,,2026-07-23T12:01:23.659279Z,0.2,126,47,0.0,0.0,0,0,0,0,0,0,0,0,0,0,0.00,0.00,0.00,0.00,0,0,0,0,0,0,0,0,0,0,0,0,,,,0.0,0.0,0,0.0,0.0
383,Elliott,Harvey,Elliott,14,14,3,54,0,-1,u,0,0,Has joined Valencia on loan for the rest of the season,2026-09-02T16:05:49.104326Z,0.0,0,5,0.0,0.0,0,0,0,0,0,0,0,0,0,0,0.00,0.00,0.00,0.00,0,0,0,0,0,0,0,0,0,0,0,0,,,,0.0,0.0,0,0.0,0.0
384,Donnarumma,Gianluigi,Donnarumma,15,43,1,55,0,0,a,,,,,7.4,520,536,3.0,3.8,19,0,450,5,0,0,2,5,0,84,0.00,0.00,0.00,7.25,0.0,0.0,0.0,1.45,0,0.0,4,32,0,14,2.8,1.0,,,,3.0,3.0,0,0.5,3.5
385,Trafford,James,Trafford,13,2,1,50,0,0,a,,,,,5.6,644,278,5.0,5.0,30,2,540,6,0,0,2,5,5,132,0.00,0.01,0.01,9.04,0.0,0.0,0.0,1.51,0,0.0,7,69,0,24,4.0,1.0,,,,5.0,5.0,0,1.0,6.0
386,Bettinelli,Marcus,Bettinelli,15,43,1,45,0,0,a,,,,,0.0,2,5,0.0,0.0,0,0,0,0,0,0,0,0,0,0,0.00,0.00,0.00,0.00,0,0,0,0,0,0,0,0,0,0,0,0,,,,0.0,0.0,0,0.0,0.0
387,O'Reilly,Nico,O'Reilly,15,43,2,63,0,-2,d,75,75,Unspecified injury - 75% chance of playing,2026-10-01T15:30:10.272693Z,9.6,40,3191,0.7,1.5,6,0,163,2,0,0,0,2,0,22,0.87,0.43,1.30,2.10,0.48,0.24,0.72,1.16,5,2.76,2,9,3,0,0.0,1.1,,,,0.5,0.5,0,0.1,1.0
388,Guéhi,Marc,Guéhi,15,43,2,60,0,0,a,,,,,17.9,956,1029,3.3,6.0,30,0,450,5,1,1,2,5,4,114,0.95,0.39,1.34,7.25,0.19,0.08,0.27,1.45,29,5.8,26,19,3,0,0.0,1.0,,,,3.3,3.3,0,0.6,5.0
389,Matheus N.,Matheus,Nunes,15,43,2,59,0,-1,a,100,100,,2026-08-27T11:30:08.171622Z,1.0,113,71,3.3,3.7,11,0,213,2,0,0,1,3,1,38,0.00,0.06,0.06,4.67,0.0,0.03,0.03,1.97,21,8.87,18,10,3,0,0.0,0.85,4,,,3.3,3.3,0,0.6,1.9
390,Rúben,Rúben,dos Santos Gato Alves Dias,15,43,2,55,0,0,a,,,,,1.9,217,155,2.3,3.4,17,0,450,5,0,0,2,5,0,72,0.29,0.74,1.03,7.25,0.06,0.15,0.21,1.45,26,5.2,25,16,1,0,0.0,1.0,,,,2.3,2.3,0,0.4,3.1
391,Gvardiol,Joško,Gvardiol,15,43,2,57,0,2,a,,,,,27.5,4875,687,5.0,7.4,37,0,434,5,1,3,2,5,6,135,0.22,0.74,0.96,7.25,0.05,0.15,0.2,1.5,31,6.43,20,21,11,0,0.0,1.04,,,,5.0,5.0,0,0.9,6.5
392,Aït-Nouri,Rayan,Aït-Nouri,15,43,2,52,0,-3,a,,,,,0.4,26,51,0.0,0.0,0,0,0,0,0,0,0,0,0,0,0.00,0.00,0.00,0.00,0,0,0,0,0,0,0,0,0,0,0,0,,,,0.0,0.0,0,0.0,0.0
393,Khusanov,Abdukodir,Khusanov,15,43,2,54,0,-1,a,,,,,1.3,56,159,0.0,3.0,9,0,268,3,0,0,1,2,0,53,0.00,0.06,0.06,2.68,0.0,0.02,0.02,0.9,17,5.71,9,13,8,0,0.0,1.01,,,,0.0,0.0,0,0.0,1.7
394,Alleyne,Max,Alleyne,15,43,2,50,0,0,u,0,0,Has joined Burnley on loan for the rest of the season,2026-08-18T14:11:56.324656Z,0.0,0,0,0.0,0.0,0,0,0,0,0,0,0,0,0,0,0.00,0.00,0.00,0.00,0,0,0,0,0,0,0,0,0,0,0,0,,,,0.0,0.0,0,0.0,0.0
395,Lewis,Rico,Lewis,15,43,2,44,0,-1,a,,,,,0.2,10,24,0.0,1.0,1,0,56,1,0,0,0,1,0,-1,0.17,0.02,0.19,0.55,0.27,0.03,0.3,0.88,2,3.21,2,0,0,0,0.0,1.61,,,,0.0,0.0,0,0.0,0.2
396,Vitor Reis,Vitor,de Oliveira Nunes dos Reis,15,43,2,45,0,0,a,,,,,0.0,2,7,0.0,1.0,1,0,1,0,0,0,0,0,0,3,0.00,0.00,0.00,0.00,0.0,0.0,0.0,0.0,0,0.0,0,0,0,0,0.0,0.0,,,,0.0,0.0,0,0.0,0.2
397,Semenyo,Antoine,Semenyo,15,43,3,84,0,-1,d,75,75,Ankle injury - 75% chance of playing,2026-09-24T12:00:09.848000Z,13.5,1296,3586,6.7,6.6,33,0,450,5,2,3,2,5,2,147,0.33,1.16,1.49,7.25,0.07,0.23,0.3,1.45,22,4.4,2,14,6,0,0.0,1.0,2,,,5.0,5.0,1,0.8,3.9
398,Foden,Phil,Foden,15,43,3,69,0,-1,s,0,0,Suspended until 17 Oct,2026-09-13T17:00:09.433455Z,1.5,15,571,-0.7,2.2,9,0,217,3,0,2,0,2,1,52,1.61,0.88,2.49,1.91,0.67,0.36,1.03,0.79,14,5.81,2,8,4,0,0.0,1.24,,2,2,0.0,0.0,0,-0.1,1.3
399,Cherki,Rayan,Cherki,15,43,3,78,0,3,a,,,,,28.7,8739,1004,3.0,6.8,34,0,302,4,3,2,1,4,5,150,0.72,1.54,2.26,5.00,0.21,0.46,0.67,1.49,12,3.58,3,9,0,0,0.0,1.19,,1,1,3.0,3.0,1,0.4,4.4
400,Doku,Jérémy,Doku,15,43,3,74,0,-1,a,100,100,,2026-08-18T17:00:08.385597Z,0.7,368,50,0.3,1.0,1,0,15,0,0,0,0,0,0,7,0.23,0.32,0.55,0.42,1.38,1.92,3.3,2.52,2,12.0,1,1,0,0,0.0,0.0,3,,,0.3,0.3,0,0.0,0.1
401,Marmoush,Omar,Marmoush,19,6,4,70,0,0,a,,,,,2.2,1522,412,1.3,2.0,8,0,339,4,0,0,2,5,0,37,0.38,0.15,0.53,3.84,0.1,0.04,0.14,1.02,13,3.45,0,11,2,0,0.0,1.06,2,8,4,1.3,1.3,0,0.2,1.1
402,Rodrigo,Rodrigo 'Rodri',Hernandez Cascante,15,43,3,65,0,0,u,0,0,Has joined Barcelona permanently,2026-07-23T12:01:23.675537Z,0.0,0,0,0.0,0.0,0,0,0,0,0,0,0,0,0,0,0.00,0.00,0.00,0.00,0,0,0,0,0,0,0,0,0,0,0,0,,,,0.0,0.0,0,0.0,0.0
403,Sávio,Sávio,Moreira de Oliveira,19,6,3,65,0,0,a,100,100,,2026-08-29T16:30:08.380416Z,0.6,334,92,1.7,2.7,8,0,240,3,0,0,2,3,0,66,0.41,0.70,1.11,2.76,0.15,0.26,0.41,1.04,11,4.12,3,8,0,0,0.0,1.12,,2,,1.7,1.7,0,0.3,1.2
404,Reijnders,Tijjani,Reijnders,15,43,3,60,0,0,u,0,0,Has joined Al Qadsiah permanently,2026-08-20T14:02:58.154273Z,0.0,0,1,0.0,0.0,0,0,0,0,0,0,0,0,0,0,0.00,0.00,0.00,0.00,0,0,0,0,0,0,0,0,0,0,0,0,,,,0.0,0.0,0,0.0,0.0
405,N.Gonzalez,Nico,González Iglesias,17,4,3,55,0,0,a,100,100,,2026-09-14T21:30:07.343728Z,0.2,50,21,0.3,1.7,5,0,164,3,0,0,1,2,0,23,0.00,0.21,0.21,2.34,0.0,0.12,0.12,1.28,12,6.59,3,9,0,0,0.0,1.65,,,,0.3,0.3,0,0.1,0.9
406,Kovačić,Mateo,Kovačić,15,43,3,53,0,-2,a,,,,,0.1,5,10,0.0,1.0,2,0,42,0,0,0,0,0,0,12,0.00,0.02,0.02,0.10,0.0,0.04,0.04,0.21,2,4.29,0,2,0,0,0.0,0.0,,,,0.0,0.0,0,0.0,0.4
407,Echeverri,Claudio,Echeverri,15,43,3,49,0,-1,u,0,0,Has joined Benfica on loan for the rest of the season,2026-09-03T15:41:24.710479Z,0.0,0,0,0.0,0.0,0,0,0,0,0,0,0,0,0,0,0.00,0.00,0.00,0.00,0,0,0,0,0,0,0,0,0,0,0,0,,,,0.0,0.0,0,0.0,0.0
408,Phillips,Kalvin,Phillips,15,43,3,50,0,0,u,0,0,Has joined Sheffield United on loan for the rest of the season,2026-08-18T14:11:56.348781Z,0.0,0,1,0.0,0.0,0,0,0,0,0,0,0,0,0,0,0.00,0.00,0.00,0.00,0,0,0,0,0,0,0,0,0,0,0,0,,,,0.0,0.0,0,0.0,0.0
409,Mukasa,Divine,Mukasa,15,43,3,45,0,0,u,0,0,has joined West Ham on loan for the rest of the seaon.,2026-09-03T10:34:10.733520Z,0.1,0,12,0.0,0.0,0,0,0,0,0,0,0,0,0,0,0.00,0.00,0.00,0.00,0,0,0,0,0,0,0,0,0,0,0,0,,,,0.0,0.0,0,0.0,0.0
410,Monga,Jeremy,Monga,15,43,3,49,0,-1,u,0,0,Has joined Swansea City on loan for the rest of the season,2026-09-02T16:02:01.136760Z,0.0,0,1,0.0,0.0,0,0,0,0,0,0,0,0,0,0,0.00,0.00,0.00,0.00,0,0,0,0,0,0,0,0,0,0,0,0,,,,0.0,0.0,0,0.0,0.0
411,Haaland,Erling,Haaland,15,43,4,156,0,1,a,,,,,74.5,3398,407,5.0,7.8,39,0,450,5,5,0,2,5,9,167,4.42,0.53,4.95,7.25,0.88,0.11,0.99,1.45,20,4.0,10,10,0,0,0.0,1.0,1,,,5.0,5.0,2,0.3,2.5
412,Lammens,Senne,Lammens,16,1,1,49,0,-1,a,,,,,9.4,189,685,2.0,2.2,11,0,450,5,0,0,0,8,0,58,0.00,0.00,0.00,6.80,0.0,0.0,0.0,1.36,0,0.0,5,38,0,16,3.2,1.0,,,,2.0,2.0,0,0.4,2.2
413,Bayindir,Altay,Bayındır,16,1,1,45,0,0,u,0,0,Has joined Celta Vigo on loan for the rest of the season,2026-08-10T14:02:28.608415Z,0.0,0,2,0.0,0.0,0,0,0,0,0,0,0,0,0,0,0.00,0.00,0.00,0.00,0,0,0,0,0,0,0,0,0,0,0,0,,,,0.0,0.0,0,0.0,0.0
414,Heaton,Tom,Heaton,16,1,1,40,0,0,i,0,0,Hamstring injury - Unknown return date,2026-08-15T16:00:07.854151Z,0.1,2,8,0.0,0.0,0,0,0,0,0,0,0,0,0,0,0.00,0.00,0.00,0.00,0,0,0,0,0,0,0,0,0,0,0,0,,,,0.0,0.0,0,0.0,0.0
415,Dorgu,Patrick,Dorgu,16,1,3,58,0,-2,i,0,0,Hamstring injury - Expected back 25 Oct,2026-09-27T21:30:07.831640Z,0.5,1,372,2.7,2.0,10,0,171,2,0,1,0,6,0,27,0.78,0.09,0.87,3.38,0.41,0.05,0.46,1.78,20,10.53,8,4,8,0,0.0,1.05,,,,0.0,0.0,0,0.5,1.7
416,De Ligt,Matthijs,de Ligt,16,1,2,49,0,-1,i,0,0,Back injury - Unknown return date,2026-07-23T12:01:23.690880Z,0.0,2,6,0.0,0.0,0,0,0,0,0,0,0,0,0,0,0.00,0.00,0.00,0.00,0,0,0,0,0,0,0,0,0,0,0,0,,,,0.0,0.0,0,0.0,0.0
417,Dalot,Diogo,Dalot Teixeira,16,1,2,49,0,-1,a,,,,,1.6,81,160,1.3,1.6,8,0,346,4,0,0,0,4,0,46,0.24,0.23,0.47,4.70,0.06,0.06,0.12,1.22,16,4.16,10,21,6,0,0.0,1.04,,,,1.3,1.3,0,0.3,1.6
418,Maguire,Harry,Maguire,16,1,2,48,0,-2,a,,,,,7.8,160,801,1.0,2.0,10,0,450,5,0,1,0,8,0,50,0.20,0.46,0.66,6.80,0.04,0.09,0.13,1.36,31,6.2,28,21,3,0,0.0,1.0,,,,1.0,1.0,0,0.2,2.1
419,Martinez,Lisandro,Martínez,16,1,2,49,0,-1,a,100,100,,2026-07-24T20:00:10.337107Z,1.3,104,124,0.7,1.5,6,0,360,4,0,0,0,6,0,29,0.21,0.16,0.37,5.79,0.05,0.04,0.09,1.45,20,5.0,17,14,3,0,0.0,1.0,,,,0.7,0.7,0,0.1,1.2
420,Yoro,Leny,Yoro,16,1,2,48,0,-2,a,,,,,0.4,27,48,0.0,1.0,2,0,22,0,0,0,0,2,0,-1,0.00,0.02,0.02,1.09,0.0,0.08,0.08,4.46,5,20.45,3,1,2,0,0.0,0.0,,,,0.0,0.0,0,0.0,0.4
421,Heaven,Ayden,Heaven,16,1,2,43,0,-2,a,,,,,0.3,11,38,0.0,1.0,1,0,90,1,0,0,0,2,0,5,0.12,0.04,0.16,1.01,0.12,0.04,0.16,1.01,2,2.0,1,4,1,0,0.0,1.0,,,,0.0,0.0,0,0.0,0.2
422,Mazraoui,Noussair,Mazraoui,16,1,2,44,0,-1,d,75,75,Back injury - 75% chance of playing,2026-10-04T21:30:08.533022Z,0.5,3,218,0.0,1.0,3,0,97,1,0,0,0,4,0,6,0.22,0.06,0.28,2.08,0.2,0.06,0.26,1.93,6,5.57,4,3,2,0,0.0,0.93,,,,0.0,0.0,0,0.0,0.7
423,Shaw,Luke,Shaw,16,1,2,43,0,-2,a,100,100,,2026-09-11T13:00:09.030120Z,7.0,162,654,0.7,2.2,9,0,335,4,0,1,0,5,0,54,0.03,0.58,0.61,4.63,0.01,0.16,0.17,1.24,23,6.18,17,7,6,0,0.0,1.07,,3,,0.7,0.7,0,0.2,2.1
424,Amass,Harry,Amass,16,1,2,40,0,0,a,,,,,0.2,16,17,0.0,0.0,0,0,0,0,0,0,0,0,0,0,0.00,0.00,0.00,0.00,0,0,0,0,0,0,0,0,0,0,0,0,,,,0.0,0.0,0,0.0,0.0
425,Fredricson,Tyler,Fredricson,16,1,2,40,0,0,u,0,0,Has joined Lausanne-Sport permanently,2026-08-18T14:12:31.904433Z,0.0,0,2,0.0,0.0,0,0,0,0,0,0,0,0,0,0,0.00,0.00,0.00,0.00,0,0,0,0,0,0,0,0,0,0,0,0,,,,0.0,0.0,0,0.0,0.0
426,B.Fernandes,Bruno,Borges Fernandes,16,1,3,119,0,-1,a,,,,,37.2,1261,3033,1.3,6.2,31,0,450,5,3,1,0,8,3,148,2.56,1.32,3.88,6.80,0.51,0.26,0.77,1.36,29,5.8,3,21,5,0,0.0,1.0,1,1,1,1.3,1.3,1,0.1,2.6
427,Mbeumo,Bryan,Mbeumo,16,1,3,79,0,-1,a,,,,,19.9,1254,1945,1.3,5.0,25,0,450,5,2,1,0,8,3,110,3.07,0.80,3.87,6.80,0.61,0.16,0.77,1.36,26,5.2,7,14,5,0,0.0,1.0,2,2,2,1.3,1.3,0,0.2,3.2
428,Cunha,Matheus,Santos Carneiro da Cunha,16,1,3,79,0,-1,a,,,,,6.0,1011,533,4.0,5.2,26,0,407,5,1,2,1,5,4,95,0.63,0.83,1.46,5.44,0.14,0.18,0.32,1.2,13,2.87,1,9,3,0,0.0,1.11,,,,4.0,4.0,0,0.5,3.3
429,Rashford,Marcus,Rashford,16,1,3,69,0,-1,d,75,75,Unspecified injury - 75% chance of playing,2026-09-21T10:30:09.221479Z,1.3,45,646,1.3,2.0,10,0,351,4,0,0,1,3,0,58,0.78,0.43,1.21,4.50,0.2,0.11,0.31,1.15,18,4.62,4,10,4,0,0.0,1.03,,,3,1.0,1.0,0,0.2,1.4
430,Mount,Mason,Mount,16,1,3,54,0,-1,a,100,100,,2026-08-15T16:00:07.879135Z,0.0,8,8,0.3,1.0,1,0,10,0,0,0,0,0,0,3,0.09,0.01,0.10,0.00,0.81,0.09,0.9,0.0,1,9.0,0,1,0,0,0.0,0.0,,,4,0.3,0.3,0,0.1,0.2
431,Amad,Amad,Diallo,16,1,3,57,0,-3,i,0,0,Unspecified injury - Unknown return date,2026-08-22T11:00:08.617283Z,0.3,6,38,0.0,0.0,0,0,0,0,0,0,0,0,0,0,0.00,0.00,0.00,0.00,0,0,0,0,0,0,0,0,0,0,0,0,,4,,0.0,0.0,0,0.0,0.0
432,Mainoo,Kobbie,Mainoo,16,1,3,55,0,0,d,75,75,Unspecified injury - 75% chance of playing,2026-09-21T13:00:09.169862Z,1.5,110,693,2.7,4.4,22,0,354,4,0,1,0,4,2,102,0.30,0.52,0.82,4.77,0.08,0.13,0.21,1.21,56,14.24,10,40,6,0,0.0,1.02,,,,2.0,2.0,0,0.5,4.0
433,Ugarte,Manuel,Ugarte Ribeiro,16,1,3,50,0,0,i,0,0,Knee injury - Unknown return date,2026-07-23T12:01:23.706702Z,0.0,0,2,0.0,0.0,0,0,0,0,0,0,0,0,0,0,0.00,0.00,0.00,0.00,0,0,0,0,0,0,0,0,0,0,0,0,,,,0.0,0.0,0,0.0,0.0
434,J.Fletcher,Jack,Fletcher,16,1,3,49,0,-1,a,,,,,0.0,0,1,0.0,0.0,0,0,0,0,0,0,0,0,0,0,0.00,0.00,0.00,0.00,0,0,0,0,0,0,0,0,0,0,0,0,,,,0.0,0.0,0,0.0,0.0
435,Lacey,Shea,Lacey,16,1,3,49,0,-1,a,,,,,0.1,7,9,0.0,1.0,1,0,10,0,0,0,0,0,0,3,0.00,0.00,0.00,0.00,0.0,0.0,0.0,0.0,1,9.0,0,1,0,0,0.0,0.0,,,,0.0,0.0,0,0.0,0.2
436,Collyer,Toby,Collyer,16,1,3,50,0,0,u,0,0,Has joined West Brom permanently,2026-09-01T13:16:48.584385Z,0.0,0,0,0.0,0.0,0,0,0,0,0,0,0,0,0,0,0.00,0.00,0.00,0.00,0,0,0,0,0,0,0,0,0,0,0,0,,,,0.0,0.0,0,0.0,0.0
437,Bendito Mantato,Bendito,Mantato,16,1,3,44,0,-1,a,,,,,0.2,25,30,0.0,0.0,0,0,0,0,0,0,0,0,0,0,0.00,0.00,0.00,0.00,0,0,0,0,0,0,0,0,0,0,0,0,,,,0.0,0.0,0,0.0,0.0
438,Fletcher,Tyler,Fletcher,16,1,3,44,0,-1,a,,,,,0.3,23,57,0.0,0.0,0,0,0,0,0,0,0,0,0,0,0.00,0.00,0.00,0.00,0,0,0,0,0,0,0,0,0,0,0,0,,,,0.0,0.0,0,0.0,0.0
439,Šeško,Benjamin,Sesko,16,1,4,70,0,0,i,0,0,Shin injury - Expected back 18 Oct,2026-09-20T19:30:08.505755Z,1.4,27,1413,0.3,2.0,8,0,76,0,1,0,0,3,0,39,0.39,0.01,0.40,2.00,0.46,0.01,0.47,2.37,5,5.92,0,5,0,0,0.0,0.0,,,,0.0,0.0,0,0.0,1.1
440,Zirkzee,Joshua,Zirkzee,16,1,4,53,0,-2,a,,,,,0.4,112,86,0.7,1.0,2,0,20,0,0,0,0,0,0,8,0.00,0.01,0.01,0.02,0.0,0.04,0.04,0.09,4,18.0,2,2,0,0,0.0,0.0,,,,0.7,0.7,0,0.1,0.4
441,Obi,Chido,Obi,16,1,4,45,0,0,u,0,0,Has joined Willem II on loan for the rest of the season,2026-09-14T16:12:42.090874Z,0.9,0,268,0.0,0.0,0,0,0,0,0,0,0,0,0,0,0.00,0.00,0.00,0.00,0,0,0,0,0,0,0,0,0,0,0,0,,,,0.0,0.0,0,0.0,0.0
442,Pope,Nick,Pope,17,4,1,49,0,-1,a,,,,,0.9,21,61,0.0,0.0,0,0,0,0,0,0,0,0,0,0,0.00,0.00,0.00,0.00,0,0,0,0,0,0,0,0,0,0,0,0,,,,0.0,0.0,0,0.0,0.0
443,Gillespie,Mark,Gillespie,17,4,1,45,0,0,a,,,,,0.0,0,2,0.0,0.0,0,0,0,0,0,0,0,0,0,0,0.00,0.00,0.00,0.00,0,0,0,0,0,0,0,0,0,0,0,0,,,,0.0,0.0,0,0.0,0.0
444,Jaouen,Ewen,Jaouen,17,4,1,44,0,-1,i,0,0,Hamstring injury - Unknown return date,2026-09-10T16:00:09.127466Z,0.0,1,1,0.0,0.0,0,0,0,0,0,0,0,0,0,0,0.00,0.00,0.00,0.00,0,0,0,0,0,0,0,0,0,0,0,0,,,,0.0,0.0,0,0.0,0.0
445,Thiaw,Malick,Thiaw,17,4,2,50,0,0,a,,,,,2.2,111,238,2.0,2.8,14,0,450,5,0,0,1,9,0,32,0.00,0.08,0.08,9.14,0.0,0.02,0.02,1.83,45,9.0,45,10,0,0,0.0,1.0,,,,2.0,2.0,0,0.4,2.8
446,Schär,Fabian,Schär,17,4,2,49,0,-1,a,100,100,,2026-08-15T16:30:07.209742Z,0.2,23,17,0.3,1.0,2,0,25,0,0,0,0,2,0,0,0.00,0.01,0.01,1.87,0.0,0.04,0.04,6.73,7,25.2,7,0,0,0,0.0,0.0,,,2,0.3,0.3,0,0.1,0.4
447,Botman,Sven,Botman,17,4,2,50,0,0,a,,,,,0.8,81,61,2.0,3.0,15,0,450,5,0,0,1,9,0,43,0.06,0.17,0.23,9.14,0.01,0.03,0.04,1.83,59,11.8,54,14,5,0,0.0,1.0,,,,2.0,2.0,0,0.4,3.0
448,Burn,Dan,Burn,17,4,2,48,0,-2,i,0,0,Ankle injury - Expected back 12 Oct,2026-08-23T18:00:08.367241Z,0.7,3,113,0.0,0.0,0,0,0,0,0,0,0,0,0,0,0.00,0.00,0.00,0.00,0,0,0,0,0,0,0,0,0,0,0,0,,,,0.0,0.0,0,0.0,0.0
449,Hall,Lewis,Hall,17,4,2,53,0,3,a,,,,,20.8,3162,694,4.3,6.2,31,0,449,5,1,1,1,9,6,127,0.25,0.79,1.04,9.12,0.05,0.16,0.21,1.83,46,9.22,33,38,13,0,0.0,1.0,,1,1,4.3,4.3,2,0.8,5.8
450,Livramento,Tino,Livramento,17,4,2,49,0,-1,d,50,50,Unspecified injury - 50% chance of playing,2026-09-19T14:00:09.046677Z,0.1,2,62,1.0,2.0,4,0,33,0,0,1,0,1,0,12,0.00,0.01,0.01,0.18,0.0,0.03,0.03,0.49,3,8.18,1,4,2,0,0.0,0.0,,,,0.5,0.5,0,0.2,0.8
451,A.Murphy,Alex,Murphy,17,4,2,40,0,0,u,0,0,Has joined FC Kaiserslautern on loan for the rest of the season,2026-08-12T14:05:29.224600Z,0.1,0,10,0.0,0.0,0,0,0,0,0,0,0,0,0,0,0.00,0.00,0.00,0.00,0,0,0,0,0,0,0,0,0,0,0,0,,,,0.0,0.0,0,0.0,0.0
452,Bruno G.,Bruno,Guimarães Rodriguez Moura,1,3,3,67,0,-3,a,100,100,,2026-09-04T14:00:08.328779Z,1.8,2772,267,5.7,4.5,18,9,150,1,2,0,0,3,4,74,0.19,0.23,0.42,2.20,0.11,0.14,0.25,1.32,18,10.8,4,13,1,0,0.0,0.6,4,4,,5.7,5.7,1,0.9,2.7
453,Barnes,Harvey,Barnes,17,4,3,61,0,1,a,,,,,8.1,2208,550,3.7,5.6,28,0,450,5,1,3,1,9,3,105,0.62,0.48,1.10,9.14,0.12,0.1,0.22,1.83,33,6.6,14,16,3,0,0.0,1.0,,3,,3.7,3.7,1,0.6,4.6
454,Elanga,Anthony,Elanga,17,4,3,61,0,1,i,0,0,Unspecified injury - Unknown return date,2026-09-14T20:00:09.505598Z,3.4,11,3166,0.0,6.0,18,0,232,3,2,0,1,3,2,71,0.42,0.34,0.76,4.01,0.16,0.13,0.29,1.56,9,3.49,2,3,4,0,0.0,1.16,,2,,0.0,0.0,0,0.0,3.0
455,Tonali,Sandro,Tonali,19,6,3,53,0,-2,a,100,100,,2026-09-14T14:30:07.387706Z,1.7,116,257,1.7,2.8,14,0,427,5,0,0,2,8,0,86,0.24,0.61,0.85,7.72,0.05,0.13,0.18,1.63,42,8.85,11,20,11,0,0.0,1.05,,,,1.7,1.7,0,0.3,2.6
456,J.Ramsey,Jacob,Ramsey,17,4,3,48,0,-2,i,0,0,Thigh injury - Unknown return date,2026-09-15T09:00:08.191022Z,0.2,5,113,0.0,2.3,7,0,69,0,1,0,0,1,0,26,0.17,0.16,0.33,1.92,0.22,0.21,0.43,2.5,11,14.35,3,6,2,0,0.0,0.0,,,,0.0,0.0,0,0.0,1.5
457,J.Murphy,Jacob,Murphy,17,4,3,59,0,-1,a,,,,,0.1,20,19,0.3,0.6,3,0,181,2,0,0,0,5,0,21,0.03,0.41,0.44,4.96,0.01,0.2,0.21,2.47,18,8.95,4,10,4,0,0.0,0.99,,4,,0.3,0.3,0,0.1,0.5
458,Joelinton,Joelinton Cássio,Apolinário de Lira,17,4,3,54,0,-1,d,75,75,Unspecified injury - 75% chance of playing,2026-08-16T08:00:08.074045Z,0.0,3,3,0.0,0.0,0,0,0,0,0,0,0,0,0,0,0.00,0.00,0.00,0.00,0,0,0,0,0,0,0,0,0,0,0,0,,,,0.0,0.0,0,0.0,0.0
459,L.Miley,Lewis,Miley,17,4,3,55,0,0,d,75,75,Unspecified injury - 75% chance of playing,2026-10-01T15:30:10.335504Z,0.1,0,28,1.3,2.4,12,0,396,5,0,0,1,8,0,68,0.05,0.14,0.19,7.95,0.01,0.03,0.04,1.81,52,11.82,20,26,6,0,0.0,1.14,,5,,1.0,1.0,0,0.2,2.2
460,Willock,Joe,Willock,17,4,3,50,0,0,a,,,,,0.6,180,97,3.7,4.4,22,0,284,3,2,0,1,5,3,80,0.81,0.30,1.11,5.19,0.26,0.1,0.36,1.64,18,5.7,4,9,5,0,0.0,0.95,,,,3.7,3.7,0,0.7,4.4
461,Touré,Bazoumana,Touré,17,4,3,58,0,-2,a,,,,,0.1,16,25,2.3,2.7,8,0,50,0,1,0,0,1,0,29,0.28,0.01,0.29,0.76,0.5,0.02,0.52,1.37,4,7.2,1,3,0,0,0.0,0.0,,,,2.3,2.3,0,0.4,1.4
462,Steur,Sean,Steur,17,4,3,49,0,-1,a,,,,,0.1,4,14,1.7,1.6,8,0,223,2,0,0,1,5,0,42,0.00,0.06,0.06,4.23,0.0,0.02,0.02,1.71,21,8.48,9,8,4,0,0.0,0.81,,,,1.7,1.7,0,0.3,1.6
463,Woltemade,Nick,Woltemade,17,4,4,59,0,-1,u,0,0,Has joined Juventus on loan for the rest of the season,2026-09-02T16:07:16.549304Z,0.5,0,89,0.0,4.0,4,0,19,0,0,1,0,0,0,18,0.02,0.01,0.03,0.38,0.09,0.05,0.14,1.8,0,0.0,0,0,0,0,0.0,0.0,,,,0.0,0.0,0,0.0,0.7
464,Wissa,Yoane,Wissa,17,4,4,62,0,2,a,,,,,19.1,2552,2917,0.7,3.0,15,0,441,5,1,1,1,8,2,54,2.35,0.06,2.41,7.97,0.48,0.01,0.49,1.63,27,5.51,6,15,6,0,0.0,1.02,2,,,0.7,0.7,0,0.1,2.4
465,Osula,William,Osula,17,4,4,58,0,-2,d,50,50,Foot injury - 50% chance of playing,2026-08-25T19:00:08.004915Z,0.3,18,51,0.0,4.0,4,0,55,1,0,1,0,1,0,18,0.06,0.14,0.20,1.48,0.1,0.23,0.33,2.42,5,8.18,2,2,1,0,0.0,1.64,1,,4,0.0,0.0,0,0.0,0.7
466,Neave,Sean,Neave,17,4,4,45,0,0,u,0,0,Has joined Wolves on loan for the rest of the season,2026-09-04T12:37:43.515176Z,0.5,0,94,0.0,0.0,0,0,0,0,0,0,0,0,0,0,0.00,0.00,0.00,0.00,0,0,0,0,0,0,0,0,0,0,0,0,,,,0.0,0.0,0,0.0,0.0
467,Sels,Matz,Sels,18,17,1,50,0,0,a,,,,,1.5,16,202,1.7,2.8,14,0,450,5,0,0,1,5,0,67,0.00,0.01,0.01,4.77,0.0,0.0,0.0,0.95,0,0.0,6,46,0,11,2.2,1.0,,,,1.7,1.7,0,0.3,2.8
468,John,John Victor,Maciel Furtado,18,17,1,45,0,0,a,,,,,0.1,3,6,0.0,0.0,0,0,0,0,0,0,0,0,0,0,0.00,0.00,0.00,0.00,0,0,0,0,0,0,0,0,0,0,0,0,,,,0.0,0.0,0,0.0,0.0
469,N.Williams,Neco,Williams,18,17,2,50,0,0,d,50,50,Illness - 50% chance of playing,2026-10-09T14:30:11.466887Z,7.3,17,3893,1.3,3.8,19,0,450,5,0,1,1,5,1,85,0.41,0.61,1.02,4.77,0.08,0.12,0.2,0.95,29,5.8,15,28,14,0,0.0,1.0,,2,3,0.7,0.7,0,0.3,3.8
470,Morato,Felipe,Rodrigues da Silva,18,17,2,50,0,0,u,0,0,Has joined West Ham on loan for the rest of the season,2026-09-02T16:19:54.503286Z,0.0,0,6,0.0,0.0,0,0,0,0,0,0,0,0,0,0,0.00,0.00,0.00,0.00,0,0,0,0,0,0,0,0,0,0,0,0,,,,0.0,0.0,0,0.0,0.0
471,Milenković,Nikola,Milenković,18,17,2,54,0,-1,i,0,0,Knee injury - Unknown return date,2026-09-12T14:00:09.705107Z,0.9,2,342,0.0,4.0,12,0,270,3,0,0,1,3,0,34,0.11,0.03,0.14,3.28,0.04,0.01,0.05,1.09,31,10.33,26,12,5,0,0.0,1.0,,,,0.0,0.0,0,0.0,2.2
472,Murillo,Murillo,Costa dos Santos,18,17,2,55,0,0,a,100,100,,2026-07-23T12:01:23.801183Z,2.2,201,253,3.3,4.6,23,0,449,5,0,1,1,5,0,76,0.42,0.37,0.79,4.77,0.08,0.07,0.15,0.96,53,10.62,44,18,9,0,0.0,1.0,,,2,3.3,3.3,0,0.6,4.2
473,Aina,Ola,Aina,18,17,2,44,0,-1,a,,,,,2.1,26,367,0.7,2.0,8,0,306,4,0,0,1,3,0,45,0.04,0.53,0.57,3.72,0.01,0.16,0.17,1.09,22,6.47,12,14,10,0,0.0,1.18,,,,0.7,0.7,0,0.2,1.8
474,Jair Cunha,Jair,Paula da Cunha Filho,18,17,2,45,0,0,a,100,100,,2026-09-12T14:00:09.724349Z,0.2,8,11,0.3,2.8,11,0,360,4,0,0,1,4,0,40,0.05,0.02,0.07,3.95,0.01,0.0,0.01,0.99,36,9.0,29,8,7,0,0.0,1.0,,,,0.3,0.3,0,0.1,2.4
475,Savona,Nicolò,Savona,18,17,2,45,0,0,i,0,0,Knee injury - Unknown return date,2026-07-23T12:01:23.816304Z,0.0,1,0,0.0,0.0,0,0,0,0,0,0,0,0,0,0,0.00,0.00,0.00,0.00,0,0,0,0,0,0,0,0,0,0,0,0,,,,0.0,0.0,0,0.0,0.0
476,O.Richards,Omar,Richards,18,17,2,40,0,0,a,,,,,0.2,9,20,0.0,0.0,0,0,0,0,0,0,0,0,0,0,0.00,0.00,0.00,0.00,0,0,0,0,0,0,0,0,0,0,0,0,,,,0.0,0.0,0,0.0,0.0
477,Abbott,Zach,Abbott,18,17,2,40,0,0,u,0,0,Has joined Southampton on loan for the rest of the season,2026-09-02T16:19:54.536676Z,0.1,0,18,0.0,0.0,0,0,0,0,0,0,0,0,0,0,0.00,0.00,0.00,0.00,0,0,0,0,0,0,0,0,0,0,0,0,,,,0.0,0.0,0,0.0,0.0
478,Netz,Luca,Netz,18,17,2,44,0,-1,a,,,,,0.0,4,1,0.3,1.0,3,0,27,0,0,0,0,1,0,8,0.00,0.02,0.02,0.13,0.0,0.07,0.07,0.43,1,3.33,0,1,1,0,0.0,0.0,,,,0.3,0.3,0,0.1,0.7
479,Bindon,Tyler,Bindon,18,17,2,40,0,0,u,0,0,Has joined Charlton Athletic on loan for the rest of the season,2026-09-01T13:16:05.383880Z,0.1,0,15,0.0,0.0,0,0,0,0,0,0,0,0,0,0,0.00,0.00,0.00,0.00,0,0,0,0,0,0,0,0,0,0,0,0,,,,0.0,0.0,0,0.0,0.0
480,Gibbs-White,Morgan,Gibbs-White,18,17,3,80,0,0,a,100,100,,2026-08-24T15:30:08.350159Z,15.8,1364,2465,3.3,5.6,28,0,450,5,1,2,1,5,6,116,1.56,1.42,2.98,4.77,0.31,0.28,0.59,0.95,21,4.2,2,14,5,0,0.0,1.0,1,,1,3.3,3.3,1,0.4,3.5
481,Anderson,Elliot,Anderson,15,43,3,63,0,-2,a,100,100,,2026-08-23T17:00:07.952697Z,3.8,580,442,2.3,3.0,15,0,413,5,0,0,2,5,0,95,0.11,0.67,0.78,7.15,0.02,0.15,0.17,1.56,54,11.77,18,23,13,0,0.0,1.09,,3,,2.3,2.3,0,0.4,2.4
482,Hudson-Odoi,Callum,Hudson-Odoi,18,17,3,58,0,-2,a,100,100,,2026-07-23T12:01:23.832709Z,0.1,12,22,0.0,1.0,1,0,1,0,0,0,0,0,0,2,0.00,0.00,0.00,0.00,0.0,0.0,0.0,0.0,0,0.0,0,0,0,0,0.0,0.0,,,4,0.0,0.0,0,0.0,0.2
483,Ndoye,Dan,Ndoye,18,17,3,55,0,0,a,,,,,0.6,28,160,0.7,3.0,15,0,316,5,1,0,1,3,2,44,1.25,0.93,2.18,3.84,0.36,0.26,0.62,1.09,20,5.7,3,15,2,0,0.0,1.42,,,,0.7,0.7,0,0.1,2.7
484,Hutchinson,Omari,Hutchinson,18,17,3,54,0,-1,u,0,0,Has joined AC Milan on loan for the rest of the season,2026-09-01T13:23:52.340206Z,0.1,0,10,0.0,0.0,0,0,0,0,0,0,0,0,0,0,0.00,0.00,0.00,0.00,0,0,0,0,0,0,0,0,0,0,0,0,,,,0.0,0.0,0,0.0,0.0
485,Bakwa,Dilane,Bakwa,18,17,3,55,0,0,u,0,0,Has joined Lille on loan for the rest of the season,2026-08-27T14:53:03.381941Z,0.0,0,0,0.0,0.0,0,0,0,0,0,0,0,0,0,0,0.00,0.00,0.00,0.00,0,0,0,0,0,0,0,0,0,0,0,0,,,,0.0,0.0,0,0.0,0.0
486,McAtee,James,McAtee,18,17,3,55,0,0,a,,,,,0.1,11,21,1.7,2.4,12,0,416,5,0,0,2,4,0,91,0.37,0.96,1.33,4.55,0.08,0.21,0.29,0.98,39,8.44,9,21,9,0,0.0,1.08,,1,,1.7,1.7,0,0.3,2.2
487,Dominguez,Nicolás,Domínguez,18,17,3,49,0,-1,a,,,,,0.1,3,5,0.0,1.0,1,0,1,0,0,0,0,0,0,3,0.00,0.00,0.00,0.00,0.0,0.0,0.0,0.0,0,0.0,0,0,0,0,0.0,0.0,,,,0.0,0.0,0,0.0,0.2
488,I.Sangaré,Ibrahim,Sangaré,18,17,3,48,0,-2,a,100,100,,2026-08-28T09:30:07.471668Z,0.4,21,54,0.7,1.3,4,0,105,1,0,0,0,1,0,15,0.09,0.02,0.11,0.56,0.08,0.02,0.1,0.48,8,6.86,4,3,1,0,0.0,0.86,,,,0.7,0.7,0,0.1,0.8
489,Yates,Ryan,Yates,18,17,3,44,0,-1,a,100,100,,2026-08-17T20:30:08.195072Z,1.1,126,152,0.0,0.0,0,0,0,0,0,0,0,0,0,0,0.00,0.00,0.00,0.00,0,0,0,0,0,0,0,0,0,0,0,0,,,,0.0,0.0,0,0.0,0.0
490,Wood,Chris,Wood,18,17,4,58,0,-2,a,,,,,0.9,183,111,0.7,1.0,4,0,62,0,0,0,0,1,0,13,0.12,0.01,0.13,0.53,0.17,0.01,0.18,0.77,1,1.45,0,1,0,0,0.0,0.0,2,,,0.7,0.7,0,0.1,0.7
491,Igor Jesus,Igor Jesus,Maciel da Cruz,18,17,4,58,0,-2,i,0,0,Calf injury - Unknown return date,2026-10-09T14:30:11.491800Z,2.1,9,2875,2.7,2.4,12,0,257,2,1,0,0,3,2,53,1.25,0.08,1.33,2.61,0.44,0.03,0.47,0.91,15,5.25,5,8,2,0,0.0,0.7,4,,,0.0,0.0,0,0.5,2.1
492,Awoniyi,Taiwo,Awoniyi,7,9,4,54,0,-1,s,0,0,Suspended until 19 Oct,2026-09-13T15:00:09.305127Z,0.3,2,161,-0.7,0.8,3,0,232,3,0,0,0,7,0,11,1.30,0.04,1.34,3.55,0.5,0.02,0.52,1.38,11,4.27,3,7,1,0,0.0,1.16,5,,,0.0,0.0,0,-0.1,0.6
493,Kalimuendo,Arnaud,Kalimuendo,18,17,4,54,0,-1,a,,,,,0.0,17,9,0.0,1.0,1,0,1,0,0,0,0,0,0,3,0.00,0.00,0.00,0.00,0.0,0.0,0.0,0.0,0,0.0,0,0,0,0,0.0,0.0,,,,0.0,0.0,0,0.0,0.2
494,Vicario,Guglielmo,Vicario,19,6,1,45,0,0,u,0,0,Has joined Juventus on loan for the rest of the season,2026-08-19T13:55:33.193962Z,0.1,0,7,0.0,0.0,0,0,0,0,0,0,0,0,0,0,0.00,0.00,0.00,0.00,0,0,0,0,0,0,0,0,0,0,0,0,,,,0.0,0.0,0,0.0,0.0
495,Austin,Brandon,Austin,19,6,1,40,0,0,a,,,,,1.0,39,36,0.0,0.0,0,0,0,0,0,0,0,0,0,0,0.00,0.00,0.00,0.00,0,0,0,0,0,0,0,0,0,0,0,0,,,,0.0,0.0,0,0.0,0.0
496,Kinsky,Antonín,Kinský,19,6,1,45,0,0,a,,,,,15.8,336,730,3.0,3.6,18,0,450,5,0,0,2,8,0,77,0.00,0.00,0.00,7.78,0.0,0.0,0.0,1.56,0,0.0,10,34,0,12,2.4,1.0,,,,3.0,3.0,0,0.7,4.0
497,Dubravka,Martin,Dubravka,19,6,1,40,0,0,a,,,,,17.0,332,691,0.0,0.0,0,0,0,0,0,0,0,0,0,0,0.00,0.00,0.00,0.00,0,0,0,0,0,0,0,0,0,0,0,0,,,,0.0,0.0,0,0.0,0.0
498,Senesi,Marcos,Senesi Barón,19,6,2,58,0,-2,a,,,,,3.4,104,345,0.0,3.0,3,0,90,1,0,0,0,3,0,10,0.00,0.02,0.02,3.87,0.0,0.02,0.02,3.87,16,16.0,11,2,5,0,0.0,1.0,,,,0.0,0.0,0,0.0,0.5
499,Pedro Porro,Pedro,Porro Sauceda,19,6,2,54,0,-1,i,0,0,Hamstring injury - Unknown return date,2026-09-19T12:00:08.823872Z,6.4,7,4448,0.3,3.0,9,0,198,3,0,0,1,2,1,33,0.37,0.16,0.53,1.68,0.17,0.07,0.24,0.76,9,4.09,6,5,3,0,0.0,1.36,,1,1,0.0,0.0,0,0.1,1.7
500,Romero,Cristian,Romero,19,6,2,50,0,0,u,0,0,Has joined Atletico Madrid permanently,2026-08-17T13:49:05.465401Z,0.1,0,6,0.0,0.0,0,0,0,0,0,0,0,0,0,0,0.00,0.00,0.00,0.00,0,0,0,0,0,0,0,0,0,0,0,0,,,,0.0,0.0,0,0.0,0.0
501,Danso,Kevin,Danso,20,56,2,50,0,0,a,,,,,0.2,45,25,0.7,1.0,4,1,309,4,0,0,0,8,0,10,0.20,0.18,0.38,6.27,0.06,0.05,0.11,1.83,23,6.7,22,12,1,0,0.0,1.17,,,,0.7,0.7,0,0.1,0.8
502,Robertson,Andrew,Robertson,19,6,2,44,0,-1,a,,,,,2.4,218,179,3.7,3.4,17,0,366,4,0,1,1,7,1,68,0.13,0.43,0.56,7.05,0.03,0.11,0.14,1.73,20,4.92,15,15,5,0,0.0,0.98,,6,,3.7,3.7,0,0.8,3.9
503,Van de Ven,Micky,van de Ven,19,6,2,50,0,0,a,100,100,,2026-08-21T15:00:07.610517Z,3.7,378,254,2.3,4.0,16,0,360,4,0,0,2,5,3,69,0.59,0.05,0.64,3.91,0.15,0.01,0.16,0.98,29,7.25,24,17,5,0,0.0,1.0,,,,2.3,2.3,0,0.5,3.2
504,Vuskovic,Luka,Vušković,5,36,2,50,0,0,a,,,,,4.2,784,235,5.0,5.5,33,1,476,6,1,0,3,5,2,100,0.65,0.07,0.72,8.91,0.12,0.01,0.13,1.68,49,9.26,43,18,6,0,0.0,1.13,,,,5.0,5.0,1,1.0,6.6
505,Spence,Djed,Spence,19,6,2,45,0,0,u,0,0,Has joined Internazionale permanently,2026-08-18T14:13:08.454214Z,0.2,0,27,0.0,0.0,0,0,0,0,0,0,0,0,0,0,0.00,0.00,0.00,0.00,0,0,0,0,0,0,0,0,0,0,0,0,,,,0.0,0.0,0,0.0,0.0
506,Udogie,Destiny,Udogie,19,6,2,44,0,-1,a,100,100,,2026-09-11T18:00:09.092110Z,0.3,24,26,0.0,2.3,7,0,86,1,0,0,1,1,0,21,0.00,0.23,0.23,1.17,0.0,0.24,0.24,1.22,4,4.19,3,4,1,0,0.0,1.05,,,,0.0,0.0,0,0.0,1.6
507,Phillips,Ashley,Phillips,19,6,2,45,0,0,u,0,0,Has joined Middlesbrough permanently,2026-08-18T14:13:08.474144Z,0.0,0,0,0.0,0.0,0,0,0,0,0,0,0,0,0,0,0.00,0.00,0.00,0.00,0,0,0,0,0,0,0,0,0,0,0,0,,,,0.0,0.0,0,0.0,0.0
508,Davies,Ben,Davies,19,6,2,39,0,-1,a,,,,,0.9,242,111,0.0,0.0,0,0,0,0,0,0,0,0,0,0,0.00,0.00,0.00,0.00,0,0,0,0,0,0,0,0,0,0,0,0,,,,0.0,0.0,0,0.0,0.0
509,Byfield,Jun'ai,Byfield,19,6,2,40,0,0,a,,,,,0.1,4,3,0.0,0.0,0,0,0,0,0,0,0,0,0,0,0.00,0.00,0.00,0.00,0,0,0,0,0,0,0,0,0,0,0,0,,,,0.0,0.0,0,0.0,0.0
510,Rowswell,James,Rowswell,19,6,2,40,0,0,a,,,,,0.1,2,5,0.0,0.0,0,0,0,0,0,0,0,0,0,0,0.00,0.00,0.00,0.00,0,0,0,0,0,0,0,0,0,0,0,0,,,,0.0,0.0,0,0.0,0.0
511,Souza,João Victor,de Souza Menezes,19,6,2,40,0,0,u,0,0,Has joined FC Porto on loan for the rest of the season,2026-09-01T13:24:26.858636Z,0.2,0,27,0.0,0.0,0,0,0,0,0,0,0,0,0,0,0.00,0.00,0.00,0.00,0,0,0,0,0,0,0,0,0,0,0,0,,,,0.0,0.0,0,0.0,0.0
512,Kudus,Mohammed,Kudus,19,6,3,65,0,0,a,100,100,,2026-07-23T12:01:23.848657Z,0.2,200,23,1.7,1.8,7,0,123,0,0,1,0,3,0,49,0.11,0.42,0.53,1.46,0.08,0.31,0.39,1.07,14,10.24,0,11,3,0,0.0,0.0,3,7,6,1.7,1.7,0,0.3,1.1
513,Xavi,Xavi,Simons,19,6,3,59,0,-1,i,0,0,Knee injury - Unknown return date,2026-07-23T12:01:23.864304Z,0.0,3,4,0.0,0.0,0,0,0,0,0,0,0,0,0,0,0.00,0.00,0.00,0.00,0,0,0,0,0,0,0,0,0,0,0,0,4,,2,0.0,0.0,0,0.0,0.0
514,Tel,Mathys,Tel,19,6,3,57,0,-3,a,,,,,0.2,16,22,0.3,2.0,8,0,257,3,0,0,1,4,0,41,0.21,0.23,0.44,5.55,0.07,0.08,0.15,1.94,13,4.55,1,11,1,0,0.0,1.05,,3,3,0.3,0.3,0,0.1,1.4
515,Maddison,James,Maddison,19,6,3,63,0,-2,a,100,100,,2026-08-25T14:30:07.623508Z,0.4,52,31,0.7,1.0,3,0,59,0,0,0,0,2,0,18,0.06,0.04,0.10,1.03,0.09,0.06,0.15,1.57,11,16.78,3,4,4,0,0.0,0.0,,5,5,0.7,0.7,0,0.1,0.5
516,Bentancur,Rodrigo,Bentancur,19,6,3,55,0,0,a,,,,,0.2,41,12,2.3,3.0,15,0,370,4,0,0,2,6,0,69,0.02,0.12,0.14,5.59,0.0,0.03,0.03,1.36,60,14.59,22,23,15,0,0.0,0.97,,,,2.3,2.3,0,0.4,2.7
517,Odobert,Wilson,Odobert,19,6,3,55,0,0,i,0,0,Knee injury - Unknown return date,2026-07-23T12:01:23.879434Z,0.0,0,0,0.0,0.0,0,0,0,0,0,0,0,0,0,0,0.00,0.00,0.00,0.00,0,0,0,0,0,0,0,0,0,0,0,0,,,,0.0,0.0,0,0.0,0.0
518,P.M.Sarr,Pape Matar,Sarr,19,6,3,49,0,-1,u,0,0,Has joined Juventus on loan for the rest of the season,2026-09-02T16:02:43.386849Z,0.1,0,24,0.0,0.0,0,0,0,0,0,0,0,0,0,0,0.00,0.00,0.00,0.00,0,0,0,0,0,0,0,0,0,0,0,0,,,,0.0,0.0,0,0.0,0.0
519,Gallagher,Conor,Gallagher,19,6,3,53,0,-2,a,,,,,0.2,30,18,2.0,3.0,9,0,134,2,1,0,1,2,0,48,0.37,0.12,0.49,2.65,0.25,0.08,0.33,1.78,18,12.09,1,9,8,0,0.0,1.34,,,,2.0,2.0,0,0.4,1.7
520,Bergvall,Lucas,Bergvall,19,6,3,53,0,-2,a,,,,,0.1,8,8,0.7,1.0,3,0,78,1,0,0,0,2,0,13,0.06,0.27,0.33,2.21,0.07,0.31,0.38,2.55,13,15.0,1,9,3,0,0.0,1.15,,,,0.7,0.7,0,0.1,0.6
521,Kulusevski,Dejan,Kulusevski,19,6,3,65,0,0,i,0,0,Knee injury - Unknown return date,2026-07-23T12:01:23.895175Z,0.0,3,2,0.0,0.0,0,0,0,0,0,0,0,0,0,0,0.00,0.00,0.00,0.00,0,0,0,0,0,0,0,0,0,0,0,0,,,,0.0,0.0,0,0.0,0.0
522,Gray,Archie,Gray,19,6,3,49,0,-1,a,,,,,0.2,20,21,1.7,2.2,9,0,307,3,0,0,1,7,0,51,0.23,0.05,0.28,6.11,0.07,0.01,0.08,1.79,27,7.92,10,12,5,0,0.0,0.88,,,,1.7,1.7,0,0.3,1.8
523,Moore,Mikey,Moore,19,6,3,50,0,0,u,0,0,Has joined FC Köln on loan for the rest of the season,2026-09-04T12:39:48.098158Z,0.0,0,10,0.0,1.5,3,0,89,1,0,0,0,4,0,11,0.40,0.02,0.42,3.26,0.4,0.02,0.42,3.3,3,3.03,0,2,1,0,0.0,1.01,,,,0.0,0.0,0,0.0,0.6
524,Olusesi,Callum,Olusesi,19,6,3,44,0,-1,a,,,,,0.9,34,174,0.0,0.0,0,0,0,0,0,0,0,0,0,0,0.00,0.00,0.00,0.00,0,0,0,0,0,0,0,0,0,0,0,0,,,,0.0,0.0,0,0.0,0.0
525,Fernandes,Mateus,Fernandes,19,6,3,57,0,-3,a,,,,,0.7,48,93,1.3,1.4,7,0,249,3,0,0,1,4,0,50,0.19,0.28,0.47,4.43,0.07,0.1,0.17,1.6,21,7.59,2,12,7,0,0.0,1.08,,4,,1.3,1.3,0,0.2,1.2
526,Solanke,Dominic,Solanke-Mitchell,19,6,4,58,0,-2,a,,,,,0.8,230,108,1.3,1.4,7,0,170,2,0,0,1,1,0,21,0.56,0.01,0.57,2.57,0.3,0.01,0.31,1.36,9,4.76,2,5,2,0,0.0,1.06,1,,,1.3,1.3,0,0.2,1.2
527,Richarlison,Richarlison,de Andrade,19,6,4,59,0,-1,u,0,0,not included in squad.,2026-09-04T12:32:39.183614Z,0.6,0,135,0.0,2.0,2,0,67,1,0,0,0,3,0,6,0.00,0.00,0.00,3.02,0.0,0.0,0.0,4.06,1,1.34,1,0,0,0,0.0,1.34,,,,0.0,0.0,0,0.0,0.3
528,Scarlett,Dane,Scarlett,19,6,4,45,0,0,u,0,0,Has joined Leyton Orient permanently,2026-09-02T16:02:43.413625Z,1.0,0,209,0.0,0.0,0,0,0,0,0,0,0,0,0,0,0.00,0.00,0.00,0.00,0,0,0,0,0,0,0,0,0,0,0,0,,,,0.0,0.0,0,0.0,0.0
529,Roefs,Robin,Roefs,20,56,1,49,0,-1,a,,,,,2.3,46,159,1.0,2.0,12,1,489,6,0,0,1,10,0,47,0.00,0.01,0.01,9.02,0.0,0.0,0.0,1.66,0,0.0,8,37,0,7,1.29,1.1,,,,1.0,1.0,0,0.2,2.4
530,Patterson,Anthony,Patterson,20,56,1,40,0,0,u,0,0,Has joined Wrexham permanently,2026-08-12T14:08:03.064533Z,0.1,0,10,0.0,0.0,0,0,0,0,0,0,0,0,0,0,0.00,0.00,0.00,0.00,0,0,0,0,0,0,0,0,0,0,0,0,,,,0.0,0.0,0,0.0,0.0
531,Ellborg,Melker,Ellborg,20,56,1,44,0,-1,a,,,,,0.1,7,3,0.0,0.0,0,0,0,0,0,0,0,0,0,0,0.00,0.00,0.00,0.00,0,0,0,0,0,0,0,0,0,0,0,0,,,,0.0,0.0,0,0.0,0.0
532,Ballard,Daniel,Ballard,20,56,2,49,0,-1,i,0,0,Hamstring injury - Unknown return date,2026-09-25T21:30:10.370384Z,1.9,2,1620,0.7,2.8,14,0,450,5,0,0,1,10,0,31,0.31,0.16,0.47,8.66,0.06,0.03,0.09,1.73,49,9.8,39,12,10,0,0.0,1.0,,,,0.0,0.0,0,0.1,2.9
533,Mukiele,Nordi,Mukiele,20,56,2,54,0,-1,a,100,100,,2026-08-09T08:30:05.954750Z,1.8,116,183,0.7,3.0,15,2,399,5,0,0,1,8,2,52,0.78,0.30,1.08,7.22,0.18,0.07,0.25,1.63,53,11.95,40,19,13,0,0.0,1.13,,,,0.7,0.7,0,0.1,2.8
534,Hume,Trai,Hume,20,56,2,43,0,-2,a,,,,,2.4,34,327,1.0,2.4,12,2,245,3,0,0,1,2,1,52,0.14,0.29,0.43,4.93,0.05,0.11,0.16,1.81,17,6.24,4,14,13,0,0.0,1.1,,3,,1.0,1.0,0,0.2,2.8
535,Alderete,Omar,Alderete,20,56,2,48,0,-2,a,100,100,,2026-08-09T08:30:05.962393Z,0.2,9,17,0.0,1.0,1,0,23,0,0,0,0,1,0,2,0.00,0.01,0.01,0.10,0.0,0.04,0.04,0.39,0,0.0,0,2,0,0,0.0,0.0,,,,0.0,0.0,0,0.0,0.2
536,Reinildo,Reinildo,Mandava,20,56,2,44,0,-1,a,100,100,,2026-09-12T21:30:09.421687Z,0.2,5,10,-0.3,1.6,8,1,399,5,0,0,1,5,0,41,0.00,0.32,0.32,5.41,0.0,0.07,0.07,1.22,30,6.77,22,20,8,0,0.0,1.13,,,,-0.3,-0.3,0,-0.1,1.8
537,Seelt,Jenson,Seelt,20,56,2,45,0,0,u,0,0,Has joined Swansea City on loan for the rest of the season,2026-08-29T00:34:52.425076Z,0.0,0,0,0.0,0.0,0,0,0,0,0,0,0,0,0,0,0.00,0.00,0.00,0.00,0,0,0,0,0,0,0,0,0,0,0,0,,,,0.0,0.0,0,0.0,0.0
538,Hjelde,Leo Fuhr,Hjelde,20,56,2,40,0,0,u,0,0,Has joined KV Mechelen on loan for the rest of the season,2026-08-12T14:08:03.081789Z,0.0,0,7,0.0,0.0,0,0,0,0,0,0,0,0,0,0,0.00,0.00,0.00,0.00,0,0,0,0,0,0,0,0,0,0,0,0,,,,0.0,0.0,0,0.0,0.0
539,O'Nien,Luke,O'Nien,20,56,2,39,0,-1,a,,,,,2.5,478,215,0.0,1.0,1,0,66,1,0,0,0,1,0,1,0.01,0.01,0.02,1.69,0.01,0.01,0.02,2.3,5,6.82,4,4,1,0,0.0,1.36,,,,0.0,0.0,0,0.0,0.3
540,Masuaku,Arthur,Masuaku,20,56,2,40,0,0,u,0,0,Has joined Konyaspor permanently,2026-08-12T14:08:03.097784Z,0.1,0,9,0.0,0.0,0,0,0,0,0,0,0,0,0,0,0.00,0.00,0.00,0.00,0,0,0,0,0,0,0,0,0,0,0,0,,,,0.0,0.0,0,0.0,0.0
541,Meunier,Thomas,Meunier,20,56,2,45,0,0,a,100,100,,2026-08-16T08:30:07.830062Z,0.3,45,13,2.0,2.5,15,1,429,6,0,1,1,8,0,45,0.49,0.58,1.07,6.30,0.1,0.12,0.22,1.32,20,4.2,16,16,4,0,0.0,1.26,,,,2.0,2.0,0,0.4,3.3
542,E.Le Fée,Enzo,Le Fée,20,56,3,57,0,-3,a,,,,,3.2,265,295,2.0,3.2,19,1,477,6,1,1,1,9,1,96,2.06,1.54,3.60,8.82,0.39,0.29,0.68,1.66,23,4.34,3,13,7,0,0.0,1.13,2,1,3,2.0,2.0,0,0.4,3.3
543,Diarra,Habib,Diarra,20,56,3,53,0,-2,i,0,0,Hamstring injury - Expected back 18 Oct,2026-08-30T16:30:08.428960Z,0.0,0,2,0.0,2.5,5,0,28,0,0,1,0,1,0,18,0.03,0.16,0.19,0.12,0.1,0.51,0.61,0.39,0,0.0,0,0,0,0,0.0,0.0,1,,,0.0,0.0,0,0.0,0.9
544,Xhaka,Granit,Xhaka,20,56,3,55,0,0,a,,,,,3.5,224,556,1.3,3.7,22,1,489,6,0,1,1,10,5,120,0.06,1.33,1.39,9.02,0.01,0.24,0.25,1.66,56,10.31,12,35,9,0,0.0,1.1,,2,2,1.3,1.3,0,0.2,4.0
545,Sadiki,Noah,Sadiki,20,56,3,49,0,-1,a,,,,,0.2,17,32,1.7,1.8,11,1,449,6,0,0,1,9,0,80,0.44,0.25,0.69,6.83,0.09,0.05,0.14,1.37,32,6.41,11,14,7,0,0.0,1.2,,,,1.7,1.7,0,0.3,2.2
546,Adingra,Simon,Adingra,20,56,3,49,0,-1,u,0,0,Has joined Ajax on loan for the rest of the season,2026-08-20T14:00:08.416985Z,0.0,0,6,0.0,0.0,0,0,0,0,0,0,0,0,0,0,0.00,0.00,0.00,0.00,0,0,0,0,0,0,0,0,0,0,0,0,,,,0.0,0.0,0,0.0,0.0
547,Mundle,Romaine,Mundle,20,56,3,48,0,-2,i,0,0,Knee injury - Unknown return date,2026-09-09T14:00:08.462705Z,0.0,0,2,0.0,1.0,1,0,1,0,0,0,0,0,0,2,0.17,0.00,0.17,0.09,15.3,0.0,15.3,8.1,1,90.0,1,0,0,0,0.0,0.0,,,,0.0,0.0,0,0.0,0.2
548,Rigg,Chris,Rigg,20,56,3,49,0,-1,a,,,,,0.0,2,7,0.0,1.0,2,0,17,0,0,0,0,1,0,6,0.00,0.00,0.00,0.44,0.0,0.0,0.0,2.33,1,5.29,0,1,0,0,0.0,0.0,,,,0.0,0.0,0,0.0,0.4
549,Talbi,Chemsdine,Talbi,20,56,3,53,0,-2,a,,,,,0.1,3,6,0.0,1.0,1,0,31,0,0,0,0,1,0,1,0.00,0.00,0.00,0.14,0.0,0.0,0.0,0.41,2,5.81,0,2,0,0,0.0,0.0,,,,0.0,0.0,0,0.0,0.2
550,Jocelin.T,Djiamgone Jocelin Ta,Bi,20,56,3,49,0,-1,a,,,,,0.0,1,1,0.0,0.0,0,0,0,0,0,0,0,0,0,0,0.00,0.00,0.00,0.00,0,0,0,0,0,0,0,0,0,0,0,0,,,,0.0,0.0,0,0.0,0.0
551,N.Angulo,Nilson,Angulo,20,56,3,50,0,0,a,,,,,0.1,13,25,2.3,2.8,17,1,352,6,1,1,1,7,0,72,0.60,0.13,0.73,4.92,0.15,0.03,0.18,1.26,25,6.39,5,14,6,0,0.0,1.53,,,1,2.3,2.3,0,0.5,3.4
552,Brobbey,Brian,Brobbey,20,56,4,57,0,-3,i,0,0,Hamstring injury - Expected back 25 Oct,2026-09-24T21:30:10.382142Z,5.7,242,6684,6.0,4.8,24,0,399,5,3,0,1,9,3,113,2.94,0.11,3.05,8.18,0.66,0.02,0.68,1.85,11,2.48,1,10,0,0,0.0,1.13,,,,0.0,0.0,1,1.1,4.2
553,Isidor,Wilson,Isidor,20,56,4,55,0,0,a,,,,,1.3,340,155,1.0,2.7,16,1,156,1,1,1,0,3,3,52,1.67,0.01,1.68,4.14,0.96,0.01,0.97,2.39,6,3.46,0,4,2,0,0.0,0.58,,,,1.0,1.0,0,0.2,2.9
554,Van Oevelen,Kayne,van Oevelen,12,40,1,45,0,0,u,0,0,Has joined Valencia on loan for the rest of the season,2026-08-25T14:04:09.529320Z,0.0,0,1,0.0,0.0,0,0,0,0,0,0,0,0,0,0,0.00,0.00,0.00,0.00,0,0,0,0,0,0,0,0,0,0,0,0,,,,0.0,0.0,0,0.0,0.0
555,Matthews,Remi,Matthews,8,31,1,40,0,0,a,,,,,1.7,12,31,0.0,0.0,0,0,0,0,0,0,0,0,0,0,0.00,0.00,0.00,0.00,0,0,0,0,0,0,0,0,0,0,0,0,,,,0.0,0.0,0,0.0,0.0
556,Targett,Matt,Targett,11,88,2,40,0,0,i,0,0,Ankle injury - Unknown return date,2026-09-17T14:00:26.419938Z,1.5,2,477,0.0,1.0,1,0,5,0,0,0,0,0,0,3,0.00,0.00,0.00,0.07,0.0,0.0,0.0,1.26,0,0.0,0,1,0,0,0.0,0.0,,,,0.0,0.0,0,0.0,0.2
557,Tzolis,Christos,Tzolis,1,3,3,63,0,-2,i,0,0,Hamstring injury - Expected back 24 Oct,2026-10-02T15:00:11.091226Z,7.6,24,13419,1.7,3.2,16,0,362,5,0,2,2,4,1,81,0.19,0.55,0.74,2.73,0.05,0.14,0.19,0.68,23,5.72,7,12,4,0,0.0,1.24,,3,,0.0,0.0,0,0.3,2.5
558,Schlager,Xaver,Schlager,18,17,3,50,0,0,a,,,,,0.1,6,9,1.7,2.6,13,0,376,4,0,0,1,5,0,70,0.19,0.18,0.37,4.43,0.05,0.04,0.09,1.06,49,11.73,11,21,17,0,0.0,0.96,,3,,1.7,1.7,0,0.3,2.6
559,Bamba,Aladji,Bamba,17,4,3,49,0,-1,a,,,,,0.1,7,9,0.7,1.0,3,0,27,0,0,0,0,1,0,12,0.00,0.00,0.00,1.29,0.0,0.0,0.0,4.3,8,26.67,3,2,3,0,0.0,0.0,,,,0.7,0.7,0,0.1,0.6
560,Penders,Mike,Penders,6,8,1,44,0,-1,a,,,,,0.1,6,11,0.0,0.0,0,0,0,0,0,0,0,0,0,0,0.00,0.00,0.00,0.00,0,0,0,0,0,0,0,0,0,0,0,0,,,,0.0,0.0,0,0.0,0.0
561,Anselmino,Aaron,Anselmino,6,8,2,45,0,0,a,100,100,,2026-08-23T19:00:08.536705Z,0.0,1,1,0.0,0.0,0,0,0,0,0,0,0,0,0,0,0.00,0.00,0.00,0.00,0,0,0,0,0,0,0,0,0,0,0,0,,,,0.0,0.0,0,0.0,0.0
562,Maeda,Daizen,Maeda,12,40,3,53,0,-2,a,,,,,0.2,4,24,1.0,1.5,9,1,298,4,0,0,0,8,0,38,0.71,0.03,0.74,6.45,0.21,0.01,0.22,1.95,22,6.64,8,4,10,0,0.0,1.21,,,,1.0,1.0,0,0.2,1.7
563,Morita,Hidemasa,Morita,11,88,3,49,0,-1,a,100,100,,2026-09-09T14:00:08.474217Z,0.0,4,2,0.0,1.0,1,0,45,1,0,0,0,0,0,6,0.00,0.00,0.00,1.09,0.0,0.0,0.0,2.18,3,6.0,2,1,0,0,0.0,2.0,,,,0.0,0.0,0,0.0,0.2
564,Scherpen,Kjell,Scherpen,12,40,1,45,0,0,a,,,,,0.5,6,47,0.3,1.8,7,0,360,4,0,0,0,10,0,40,0.00,0.01,0.01,6.74,0.0,0.0,0.0,1.68,0,0.0,8,39,0,15,3.75,1.0,,,,0.3,0.3,0,0.1,1.6
565,M.Sangaré,Mamadou,Sangaré,4,94,3,56,0,1,a,,,,,8.7,235,2190,1.3,4.4,22,0,321,4,0,2,1,3,3,76,0.41,0.65,1.06,4.31,0.11,0.18,0.29,1.21,48,13.46,12,22,14,0,0.0,1.12,,,,1.3,1.3,1,0.2,3.9
566,Silva,António João,Pereira de Albuquerque Tavares da Silva,3,91,2,50,0,0,a,,,,,0.6,113,49,2.0,2.2,13,0,489,6,0,0,0,10,0,30,0.85,0.29,1.14,7.45,0.16,0.05,0.21,1.37,60,11.04,54,17,6,0,0.0,1.1,,,,2.0,2.0,0,0.4,2.6
567,Horníček,Lukás,Hornícek,17,4,1,50,0,0,a,,,,,1.5,47,145,1.3,2.8,14,0,450,5,0,0,1,9,0,72,0.00,0.00,0.00,9.14,0.0,0.0,0.0,1.83,0,0.0,11,31,0,19,3.8,1.0,,,,1.3,1.3,0,0.3,2.8
568,Barco,Valentín,Barco,6,8,3,54,0,-1,a,,,,,0.1,8,10,0.7,1.0,3,0,115,1,0,0,0,3,0,29,0.07,0.11,0.18,2.83,0.05,0.09,0.14,2.21,12,9.39,4,5,3,0,0.0,0.78,,,,0.7,0.7,0,0.1,0.6
569,Gonzalo,Gonzalo,García,10,54,4,61,0,1,a,,,,,7.4,2513,699,1.7,2.5,15,1,464,6,1,0,2,7,0,55,2.37,0.59,2.96,8.36,0.46,0.11,0.57,1.62,18,3.49,7,9,2,0,0.0,1.16,1,,,1.7,1.7,0,0.3,2.5
570,Palacios,César,Palacios,10,54,3,54,0,-1,a,,,,,0.2,16,25,0.3,3.0,12,0,226,3,1,0,0,7,1,48,0.98,0.03,1.01,5.46,0.39,0.01,0.4,2.17,17,6.77,4,10,3,0,0.0,1.19,,,,0.3,0.3,0,0.1,2.2
571,Florentino,Florentino Ibrain,Morris Luís,12,40,3,48,0,-2,a,100,100,,2026-08-25T11:30:07.678802Z,0.1,3,6,1.0,1.0,3,1,69,1,0,0,0,0,0,14,0.00,0.03,0.03,1.15,0.0,0.04,0.04,1.5,7,9.13,3,1,3,0,0.0,1.3,,,,1.0,1.0,0,0.2,0.6
572,Tzolakis,Konstantinos,Tzolakis,11,88,1,47,0,2,a,,,,,13.3,1375,445,2.7,6.8,34,0,450,5,0,0,3,4,6,129,0.00,0.00,0.00,7.40,0.0,0.0,0.0,1.48,0,0.0,2,69,1,17,3.4,1.0,,,,2.7,2.7,2,0.6,7.2
573,Sanchez,Juanlu,Sánchez,3,91,2,44,0,-1,a,,,,,0.2,6,9,0.0,0.0,0,0,0,0,0,0,0,0,0,0,0.00,0.00,0.00,0.00,0,0,0,0,0,0,0,0,0,0,0,0,,,,0.0,0.0,0,0.0,0.0
574,Hjertø-Dahl,Jens,Hjertø-Dahl,11,88,3,49,0,-1,a,,,,,0.1,2,8,0.0,1.0,1,0,8,0,0,0,0,0,0,4,0.00,0.00,0.00,0.00,0.0,0.0,0.0,0.0,1,11.25,0,1,0,0,0.0,0.0,,,,0.0,0.0,0,0.0,0.2
575,Yirenkyi,Caleb,Yirenkyi,7,9,3,48,0,-2,a,,,,,0.1,11,25,1.3,1.8,9,0,265,3,0,0,2,5,0,36,0.03,0.15,0.18,4.25,0.01,0.05,0.06,1.44,21,7.13,7,13,1,0,0.0,1.02,,,,1.3,1.3,0,0.3,1.9
576,Stroud,Elliot,Stroud,11,88,3,50,0,0,a,,,,,0.1,11,12,0.3,1.8,7,0,249,4,0,0,2,1,0,17,0.06,0.05,0.11,4.32,0.02,0.02,0.04,1.56,20,7.23,3,12,5,0,0.0,1.45,,,,0.3,0.3,0,0.1,1.4
577,Tomiyasu,Takehiro,Tomiyasu,8,31,2,44,0,-1,i,0,0,Calf injury - Expected back 18 Oct,2026-09-21T13:30:09.030724Z,0.2,0,90,0.3,0.8,3,0,189,2,0,0,0,5,0,10,0.00,0.03,0.03,3.98,0.0,0.01,0.01,1.9,17,8.1,15,7,2,0,0.0,0.95,,,,0.0,0.0,0,0.1,0.7
578,Mudryk,Mykhailo,Mudryk,19,6,3,53,0,-2,i,0,0,Ankle injury - Unknown return date,2026-09-11T18:00:09.154412Z,0.0,0,6,0.0,1.0,1,0,16,0,0,0,0,0,0,3,0.00,0.00,0.00,0.16,0.0,0.0,0.0,0.9,0,0.0,0,0,0,0,0.0,0.0,,,,0.0,0.0,0,0.0,0.2
579,Araujo,Ronald,Araujo,14,14,2,54,0,-1,a,,,,,3.1,689,275,4.3,4.4,22,0,284,3,0,0,3,0,1,81,0.00,0.06,0.06,2.75,0.0,0.02,0.02,0.87,24,7.61,19,15,5,0,0.0,0.95,,,,4.3,4.3,0,0.8,4.1
580,Charles,Shea,Charles,10,54,3,50,0,0,a,,,,,0.1,59,9,3.3,2.3,14,1,342,4,0,0,1,5,0,63,0.14,0.16,0.30,6.72,0.04,0.04,0.08,1.77,49,12.89,23,22,4,0,0.0,1.05,,,,3.3,3.3,0,0.7,2.8
581,Diomande,Ousmane,Diomande,18,17,2,54,0,-1,a,,,,,0.5,47,57,2.0,2.3,7,0,163,2,0,0,0,2,0,17,0.16,0.01,0.17,1.45,0.09,0.01,0.1,0.8,19,10.49,18,10,1,0,0.0,1.1,,,,2.0,2.0,0,0.4,1.3
582,Madjo,Brian,Madjo,2,7,4,54,0,-1,d,75,75,Unspecified injury - 75% chance of playing,2026-08-15T16:00:07.974271Z,0.2,33,26,0.0,0.0,0,0,0,0,0,0,0,0,0,0,0.00,0.00,0.00,0.00,0,0,0,0,0,0,0,0,0,0,0,0,,,,0.0,0.0,0,0.0,0.0
583,Chavarria,Pep,Chavarría,6,8,2,49,0,-1,a,,,,,0.2,30,18,1.0,1.0,6,1,247,2,0,0,0,4,0,22,0.04,0.08,0.12,4.39,0.01,0.03,0.04,1.6,19,6.92,14,8,5,0,0.0,0.73,,,,1.0,1.0,0,0.2,1.2
584,Hamer,Gustavo,Hamer,7,9,3,53,0,-2,a,,,,,0.1,1,3,0.0,1.0,3,0,32,0,0,0,0,1,0,6,0.00,0.02,0.02,0.82,0.0,0.06,0.06,2.31,3,8.44,0,2,1,0,0.0,0.0,,4,,0.0,0.0,0,0.0,0.6
585,Herrington,Lucas,Herrington,11,88,2,40,0,0,a,,,,,0.6,16,23,0.7,1.0,5,0,197,1,0,0,0,3,0,19,0.02,0.04,0.06,3.36,0.01,0.02,0.03,1.54,16,7.31,14,6,2,0,0.0,0.46,,,,0.7,0.7,0,0.2,1.2
586,Mendy,Nobel,Mendy,11,88,2,41,0,1,a,100,100,,2026-09-12T18:00:09.334142Z,6.2,199,377,0.3,6.2,25,0,249,4,1,0,2,1,1,69,0.32,0.00,0.32,4.02,0.12,0.0,0.12,1.45,39,14.1,32,6,7,0,0.0,1.45,,,,0.3,0.3,1,0.1,6.1
587,Rulli,Gerónimo,Rulli,15,43,1,50,0,0,a,,,,,0.0,1,1,0.0,0.0,0,0,0,0,0,0,0,0,0,0,0.00,0.00,0.00,0.00,0,0,0,0,0,0,0,0,0,0,0,0,,,,0.0,0.0,0,0.0,0.0
588,Khalaili,Anan,Khalaili,8,31,2,50,0,0,a,100,100,,2026-10-04T22:00:08.963040Z,0.3,32,29,4.3,3.8,19,0,379,4,1,0,1,8,0,54,0.96,0.33,1.29,8.41,0.23,0.08,0.31,2.0,44,10.45,23,26,21,0,0.0,0.95,,,,4.3,4.3,0,0.9,3.8
589,Gourna-Douath,Lucas,Gourna-Douath,11,88,3,50,0,0,a,,,,,0.0,1,3,0.3,1.3,4,0,138,1,0,0,1,0,0,18,0.03,0.03,0.06,2.26,0.02,0.02,0.04,1.47,17,11.09,5,7,5,0,0.0,0.65,,,,0.3,0.3,0,0.1,0.8
590,Benda,Steven,Benda,18,17,1,45,0,0,a,,,,,0.1,2,0,0.0,0.0,0,0,0,0,0,0,0,0,0,0,0.00,0.00,0.00,0.00,0,0,0,0,0,0,0,0,0,0,0,0,,,,0.0,0.0,0,0.0,0.0
591,Enciso,Julio,Enciso,12,40,3,55,0,0,a,100,100,,2026-08-22T18:00:07.551930Z,0.8,60,116,1.7,2.7,16,1,452,6,0,2,0,11,0,86,1.31,1.17,2.48,8.87,0.26,0.23,0.49,1.77,32,6.37,5,25,2,0,0.0,1.19,,,,1.7,1.7,0,0.3,2.9
592,Ouattara,Abdoul,Ouattara,12,40,2,40,0,0,a,,,,,0.8,22,50,1.3,1.2,7,1,170,2,0,0,0,2,0,32,0.02,0.06,0.08,3.53,0.01,0.03,0.04,1.87,12,6.35,8,16,4,0,0.0,1.06,,,,1.3,1.3,0,0.3,1.8
593,Dedić,Amar,Dedic,17,4,2,45,0,0,d,50,50,Unspecified injury - 50% chance of playing,2026-09-17T14:30:09.823731Z,1.5,13,603,0.0,3.2,13,0,327,4,0,1,1,7,2,36,0.14,0.08,0.22,7.38,0.04,0.02,0.06,2.03,24,6.61,16,15,8,0,0.0,1.1,,,3,0.0,0.0,1,0.0,2.9
594,David,Promise,David,5,36,4,59,0,-1,a,,,,,0.2,92,44,0.0,0.5,1,0,23,0,0,0,0,0,0,-4,0.42,0.00,0.42,0.14,1.64,0.0,1.64,0.55,0,0.0,0,0,0,0,0.0,0.0,2,,,0.0,0.0,0,0.0,0.2
595,Gozo,Zavier,Gozo,8,31,3,49,0,-1,a,,,,,0.0,0,3,0.3,1.0,2,0,28,0,0,0,0,2,0,6,0.00,0.00,0.00,0.68,0.0,0.0,0.0,2.19,1,3.21,0,0,1,0,0.0,0.0,,,,0.3,0.3,0,0.1,0.4
596,Ruggeri,Matteo,Ruggeri,2,7,2,45,0,0,a,,,,,0.1,10,5,1.3,1.5,6,1,152,2,0,0,0,3,0,15,0.03,0.02,0.05,2.54,0.02,0.01,0.03,1.5,21,12.43,19,11,2,0,0.0,1.18,,,,1.3,1.3,0,0.3,1.3
597,Suzuki,Zion,Suzuki,2,7,1,50,0,0,a,,,,,1.9,187,184,1.7,3.4,17,1,399,5,0,0,1,6,3,83,0.00,0.01,0.01,5.94,0.0,0.0,0.0,1.34,0,0.0,9,47,0,16,3.61,1.13,,,,1.7,1.7,1,0.3,3.4
598,Elvedi,Nico,Elvedi,13,2,2,45,0,0,a,,,,,0.1,14,5,3.0,2.8,14,1,411,4,0,0,1,5,0,56,0.12,0.58,0.70,7.75,0.03,0.13,0.16,1.7,34,7.45,31,10,3,0,0.0,0.88,,,,3.0,3.0,0,0.7,3.1
599,Cherif,Sidiki,Cherif,7,9,4,50,0,0,a,,,,,0.1,23,16,0.3,1.0,1,0,30,0,0,0,0,3,0,3,0.00,0.00,0.00,1.43,0.0,0.0,0.0,4.29,1,3.0,1,0,0,0,0.0,0.0,,,,0.3,0.3,0,0.1,0.2
600,Osman,Ibrahim,Osman,5,36,3,50,0,0,a,,,,,0.0,1,4,0.3,1.0,3,0,40,0,0,0,0,1,0,15,0.05,0.07,0.12,0.32,0.11,0.16,0.27,0.72,4,9.0,0,3,1,0,0.0,0.0,,,,0.3,0.3,0,0.1,0.6
601,Williams-Barnett,Luca,Williams-Barnett,19,6,3,45,0,0,a,,,,,0.1,13,13,0.0,0.0,0,0,0,0,0,0,0,0,0,0,0.00,0.00,0.00,0.00,0,0,0,0,0,0,0,0,0,0,0,0,,,,0.0,0.0,0,0.0,0.0
602,Humphreys,Cameron,Humphreys,12,40,3,45,0,0,u,0,0,Has joined Huddersfield Town on loan for the rest of the season,2026-09-02T16:04:17.524642Z,0.0,0,6,0.0,0.0,0,0,0,0,0,0,0,0,0,0,0.00,0.00,0.00,0.00,0,0,0,0,0,0,0,0,0,0,0,0,,,,0.0,0.0,0,0.0,0.0
603,Lienou,Jayden,Lienou,13,2,2,40,0,0,a,,,,,0.1,8,7,0.0,0.0,0,0,0,0,0,0,0,0,0,0,0.00,0.00,0.00,0.00,0,0,0,0,0,0,0,0,0,0,0,0,,,,0.0,0.0,0,0.0,0.0
604,Cresswell,Alfie,Cresswell,13,2,3,45,0,0,a,,,,,0.1,11,20,0.0,0.0,0,0,0,0,0,0,0,0,0,0,0.00,0.00,0.00,0.00,0,0,0,0,0,0,0,0,0,0,0,0,,,,0.0,0.0,0,0.0,0.0
605,Yalcouyé,Malick,Yalcouyé,5,36,3,45,0,0,a,,,,,3.9,663,859,3.0,4.0,20,0,236,3,2,0,1,4,1,96,1.46,0.45,1.91,6.57,0.56,0.17,0.73,2.51,19,7.25,6,7,6,0,0.0,1.14,,,,3.0,3.0,0,0.7,4.4
606,Rowe,Triston,Rowe,2,7,2,40,0,0,a,,,,,0.2,16,16,0.0,0.0,0,0,0,0,0,0,0,0,0,0,0.00,0.00,0.00,0.00,0,0,0,0,0,0,0,0,0,0,0,0,,,,0.0,0.0,0,0.0,0.0
607,Lynch,Luka,Lynch,2,7,3,45,0,0,u,0,0,Has joined Oxford United on loan until January,2026-09-04T12:35:39.820426Z,0.1,0,10,0.0,0.0,0,0,0,0,0,0,0,0,0,0,0.00,0.00,0.00,0.00,0,0,0,0,0,0,0,0,0,0,0,0,,,,0.0,0.0,0,0.0,0.0
608,Jebbison,Daniel,Jebbison,3,91,4,50,0,0,a,,,,,0.1,33,23,0.3,1.0,3,0,31,0,0,0,0,2,0,13,0.10,0.00,0.10,0.61,0.29,0.0,0.29,1.77,1,2.9,0,1,0,0,0.0,0.0,,,,0.3,0.3,0,0.1,0.6
609,Shahar,Leo,Shahar,17,4,2,40,0,0,u,0,0,has joined Arouca on loan for the rest of the seaon.,2026-09-11T14:41:57.406766Z,0.2,0,67,0.0,0.0,0,0,0,0,0,0,0,0,0,0,0.00,0.00,0.00,0.00,0,0,0,0,0,0,0,0,0,0,0,0,,,,0.0,0.0,0,0.0,0.0
610,De Fougerolles,Luc,De Fougerolles,10,54,2,40,0,0,u,0,0,has joined  Real Salt Lake on loan for the rest of the seaon.,2026-08-28T11:30:08.336405Z,0.1,0,13,0.0,0.0,0,0,0,0,0,0,0,0,0,0,0.00,0.00,0.00,0.00,0,0,0,0,0,0,0,0,0,0,0,0,,,,0.0,0.0,0,0.0,0.0
611,Wan-Bissaka,Aaron,Wan-Bissaka,2,7,2,45,0,0,a,,,,,0.2,65,37,1.3,1.5,6,0,152,2,0,0,0,2,0,24,0.00,0.07,0.07,3.27,0.0,0.04,0.04,1.94,21,12.43,12,1,9,0,0.0,1.18,,,,1.3,1.3,0,0.3,1.3
612,Methalie,Dayann,Méthalie,20,56,2,45,0,0,a,100,100,,2026-08-28T13:00:08.950445Z,0.0,4,0,-0.3,-1.0,-1,0,90,1,0,0,0,5,0,-8,0.03,0.01,0.04,2.82,0.03,0.01,0.04,2.82,3,3.0,2,4,1,0,0.0,1.0,,,,-0.3,-0.3,0,-0.1,-0.2
613,Ahoka,Jules,Ahoka,20,56,3,45,0,0,a,,,,,0.2,26,34,0.0,0.0,0,0,0,0,0,0,0,0,0,0,0.00,0.00,0.00,0.00,0,0,0,0,0,0,0,0,0,0,0,0,,,,0.0,0.0,0,0.0,0.0
614,Hadjam,Jaouen,Hadjam,5,36,2,45,0,0,a,,,,,0.0,4,4,0.0,0.0,0,0,0,0,0,0,0,0,0,0,0.00,0.00,0.00,0.00,0,0,0,0,0,0,0,0,0,0,0,0,,,,0.0,0.0,0,0.0,0.0
615,Di Gregorio,Michele,Di Gregorio,3,91,1,45,0,0,a,,,,,0.0,7,5,0.0,0.0,0,0,0,0,0,0,0,0,0,0,0.00,0.00,0.00,0.00,0,0,0,0,0,0,0,0,0,0,0,0,,,,0.0,0.0,0,0.0,0.0
616,Bouaddi,Ayyoub,Bouaddi,15,43,3,55,0,0,a,,,,,0.2,46,59,0.0,1.0,2,0,22,0,0,0,0,0,0,8,0.00,0.12,0.12,0.37,0.0,0.49,0.49,1.51,6,24.55,3,3,0,0,0.0,0.0,,,,0.0,0.0,0,0.0,0.4
617,Cho,Mohamed-Ali,Cho,11,88,3,50,0,0,a,,,,,0.0,7,1,2.3,2.2,9,0,72,0,1,0,0,1,0,36,0.79,0.36,1.15,0.98,0.99,0.45,1.44,1.22,2,2.5,1,1,0,0,0.0,0.0,,,,2.3,2.3,0,0.5,1.8
618,Goretzka,Leon,Goretzka,2,7,3,59,0,-1,i,0,0,Knee injury - Expected back 17 Oct,2026-09-09T09:30:08.229436Z,0.0,0,6,0.0,0.0,0,0,0,0,0,0,0,0,0,0,0.00,0.00,0.00,0.00,0,0,0,0,0,0,0,0,0,0,0,0,,,,0.0,0.0,0,0.0,0.0
619,Palacios,Exequiel,Palacios,12,40,3,50,0,0,a,,,,,0.1,8,17,2.0,2.8,11,0,275,3,0,0,0,7,0,64,0.00,0.09,0.09,5.30,0.0,0.03,0.03,1.73,44,14.4,12,23,9,0,0.0,0.98,,,,2.0,2.0,0,0.4,2.2
620,Diouf,El Hadji Malick,Diouf,4,94,2,45,0,0,a,,,,,0.1,28,13,1.0,1.0,3,1,78,1,0,0,0,1,0,8,0.00,0.01,0.01,1.21,0.0,0.01,0.01,1.4,5,5.77,3,5,2,0,0.0,1.15,,,,1.0,1.0,0,0.2,0.7
621,McAidoo,Ryan,McAidoo,15,43,3,44,0,-1,a,,,,,0.1,54,31,0.0,1.0,2,0,11,0,0,0,0,0,0,8,0.10,0.00,0.10,0.02,0.82,0.0,0.82,0.16,4,32.73,0,2,2,0,0.0,0.0,,,,0.0,0.0,0,0.0,0.5
622,Braithwaite,Kaden,Braithwaite,15,43,2,40,0,0,a,,,,,0.2,24,33,0.0,1.0,1,0,1,0,0,0,0,0,0,3,0.00,0.00,0.00,0.00,0.0,0.0,0.0,0.0,0,0.0,0,1,0,0,0.0,0.0,,,,0.0,0.0,0,0.0,0.2
623,Bentley,Dan,Bentley,7,9,1,40,0,0,a,,,,,0.9,74,20,0.0,0.0,0,0,0,0,0,0,0,0,0,0,0.00,0.00,0.00,0.00,0,0,0,0,0,0,0,0,0,0,0,0,,,,0.0,0.0,0,0.0,0.0
624,Cozier-Duberry,Amario,Cozier-Duberry,5,36,3,50,0,0,u,0,0,Has joined Middlesbrough on loan for the rest of the season,2026-09-02T15:38:15.552951Z,0.0,0,0,0.0,0.0,0,0,0,0,0,0,0,0,0,0,0.00,0.00,0.00,0.00,0,0,0,0,0,0,0,0,0,0,0,0,,,,0.0,0.0,0,0.0,0.0
625,Cairns,Alex,Cairns,13,2,1,40,0,0,a,,,,,0.2,9,15,0.0,0.0,0,0,0,0,0,0,0,0,0,0,0.00,0.00,0.00,0.00,0,0,0,0,0,0,0,0,0,0,0,0,,,,0.0,0.0,0,0.0,0.0
626,Zepa,Macaulay,Zepa,10,54,3,44,0,-1,a,,,,,0.3,286,75,0.0,0.0,0,0,0,0,0,0,0,0,0,0,0.00,0.00,0.00,0.00,0,0,0,0,0,0,0,0,0,0,0,0,,,,0.0,0.0,0,0.0,0.0
627,Barcola,Bradley,Barcola,14,14,3,80,0,0,a,,,,,2.0,1225,383,2.0,2.3,7,0,168,2,0,0,2,0,0,22,0.26,0.13,0.39,1.43,0.14,0.07,0.21,0.77,8,4.29,0,5,3,0,0.0,1.07,,,,2.0,2.0,0,0.2,0.9
628,Allan,Allan,Andrade Elias,15,43,3,60,0,0,a,,,,,0.0,7,4,0.0,0.0,0,0,0,0,0,0,0,0,0,0,0.00,0.00,0.00,0.00,0,0,0,0,0,0,0,0,0,0,0,0,,,,0.0,0.0,0,0.0,0.0
629,Zetterer,Michael,Zetterer,13,2,1,40,0,0,a,,,,,0.7,77,38,0.0,0.0,0,0,0,0,0,0,0,0,0,0,0.00,0.00,0.00,0.00,0,0,0,0,0,0,0,0,0,0,0,0,,,,0.0,0.0,0,0.0,0.0
630,Harwood-Bellis,Taylor,Harwood-Bellis,2,7,2,45,0,0,a,,,,,0.0,2,5,0.0,0.0,0,0,0,0,0,0,0,0,0,0,0.00,0.00,0.00,0.00,0,0,0,0,0,0,0,0,0,0,0,0,,,,0.0,0.0,0,0.0,0.0
631,Mbaye,Ibrahim,Mbaye,2,7,3,60,0,0,a,,,,,0.1,59,42,0.7,1.0,2,0,33,0,0,0,0,3,0,8,0.02,0.13,0.15,1.64,0.05,0.35,0.4,4.47,2,5.45,0,1,1,0,0.0,0.0,,,,0.7,0.7,0,0.1,0.3
632,Ansah,Ilyas,Ansah,11,88,4,50,0,0,i,0,0,Back injury - Unknown return date,2026-09-09T10:00:08.919489Z,0.0,1,11,0.0,0.0,0,0,0,0,0,0,0,0,0,0,0.00,0.00,0.00,0.00,0,0,0,0,0,0,0,0,0,0,0,0,,,,0.0,0.0,0,0.0,0.0
633,Ahanor,Honest,Ahanor,8,31,2,45,0,0,a,,,,,0.0,3,4,1.0,3.0,3,0,90,1,0,0,0,3,0,10,0.00,0.01,0.01,1.68,0.0,0.01,0.01,1.68,11,11.0,9,4,2,0,0.0,1.0,,,,1.0,1.0,0,0.2,0.7
634,Fernandez-Pardo,Matias,Fernandez-Pardo,17,4,4,60,0,0,a,,,,,0.1,76,37,1.0,1.3,4,0,157,2,0,0,0,4,0,16,0.05,0.01,0.06,2.94,0.03,0.01,0.04,1.69,5,2.87,0,3,2,0,0.0,1.15,,,,1.0,1.0,0,0.2,0.7
635,Larsson,Hugo,Larsson,10,54,3,50,0,0,a,,,,,0.0,3,1,0.7,1.0,3,0,37,0,0,0,0,1,0,9,0.13,0.23,0.36,0.88,0.32,0.56,0.88,2.14,6,14.59,2,3,1,0,0.0,0.0,,,,0.7,0.7,0,0.1,0.6
636,Ángel,Manuel Ángel,Morán Ibáñez,10,54,3,50,0,0,a,,,,,0.0,1,1,0.0,0.0,0,0,0,0,0,0,0,0,0,0,0.00,0.00,0.00,0.00,0,0,0,0,0,0,0,0,0,0,0,0,,,,0.0,0.0,0,0.0,0.0
637,Vaz,Robinio,Vaz,11,88,4,50,0,0,a,,,,,0.1,55,32,0.7,1.0,2,0,20,0,0,0,0,0,0,8,0.00,0.01,0.01,0.31,0.0,0.04,0.04,1.4,2,9.0,0,2,0,0,0.0,0.0,,,,0.7,0.7,0,0.1,0.4
638,Norton-Cuffy,Brooke,Norton-Cuffy,11,88,2,40,0,0,a,100,100,,2026-09-21T08:30:09.561308Z,0.2,15,24,0.0,0.5,1,0,34,0,0,0,0,0,0,3,0.05,0.00,0.05,0.30,0.13,0.0,0.13,0.79,1,2.65,1,4,0,0,0.0,0.0,,,,0.0,0.0,0,0.0,0.2
639,Andrés,José María,Andrés Baixauli,5,36,3,55,0,0,a,,,,,0.1,116,13,4.3,4.3,13,1,148,2,1,1,1,0,0,40,0.52,0.12,0.64,2.16,0.32,0.07,0.39,1.31,14,8.51,4,9,1,0,0.0,1.22,,,,4.3,4.3,0,0.8,2.4
640,Flemming,Zian,Flemming,12,40,4,55,0,0,a,,,,,0.1,60,23,1.7,2.0,6,0,60,0,1,0,0,1,0,34,0.64,0.01,0.65,0.63,0.96,0.02,0.98,0.94,5,7.5,1,3,1,0,0.0,0.0,,,,1.7,1.7,0,0.3,1.1
641,Bard,Melvin,Bard,13,2,2,45,0,0,a,,,,,0.0,4,1,0.3,1.0,1,0,18,0,0,0,0,1,0,1,0.00,0.00,0.00,0.30,0.0,0.0,0.0,1.5,2,10.0,1,2,1,0,0.0,0.0,,,,0.3,0.3,0,0.1,0.2
642,Thomas,Sorba,Thomas,11,88,3,55,0,0,a,,,,,0.0,13,11,1.0,1.3,4,0,119,1,0,0,0,3,0,13,0.21,0.11,0.32,2.04,0.16,0.08,0.24,1.54,8,6.05,0,7,1,0,0.0,0.76,,,,1.0,1.0,0,0.2,0.7
643,Chilwell,Ben,Chilwell,8,31,2,45,0,0,a,,,,,0.4,26,75,0.3,4.0,8,0,29,0,1,0,0,1,0,21,0.27,0.01,0.28,1.12,0.84,0.03,0.87,3.48,1,3.1,1,0,0,0,0.0,0.0,,,,0.3,0.3,0,0.1,1.8
644,Timber,Quinten,Timber,8,31,3,50,0,0,a,,,,,0.0,12,6,2.3,3.0,9,0,253,3,0,0,1,5,0,45,0.24,0.06,0.30,5.56,0.09,0.02,0.11,1.98,27,9.6,6,10,11,0,0.0,1.07,,,,2.3,2.3,0,0.5,1.8
645,Mouzakitis,Christos,Mouzakitis,11,88,3,50,0,0,a,,,,,0.0,7,2,0.0,0.0,0,0,0,0,0,0,0,0,0,0,0.00,0.00,0.00,0.00,0,0,0,0,0,0,0,0,0,0,0,0,,,,0.0,0.0,0,0.0,0.0
646,Fofana,Malick,Fofana,20,56,3,55,0,0,a,,,,,0.0,19,8,1.0,1.0,4,1,65,0,0,0,0,2,0,16,0.39,0.01,0.40,3.25,0.54,0.01,0.55,4.5,6,8.31,1,3,2,0,0.0,0.0,,,,1.0,1.0,0,0.2,0.7
647,Osorio,Darío,Osorio,8,31,3,55,0,0,a,,,,,0.0,0,3,0.0,1.0,1,0,1,0,0,0,0,0,0,2,0.00,0.00,0.00,0.13,0.0,0.0,0.0,11.7,1,90.0,0,0,1,0,0.0,0.0,,,,0.0,0.0,0,0.0,0.2
648,Bahoya,Jean-Mattéo,Bahoya,13,2,3,50,0,0,a,100,75,,2026-10-08T14:00:12.276121Z,0.0,1,7,0.7,1.0,2,1,5,0,0,0,0,0,0,8,0.00,0.00,0.00,0.28,0.0,0.0,0.0,5.04,0,0.0,0,0,0,0,0.0,0.0,,,,0.7,0.5,0,0.1,0.4
649,Maitland-Niles,Ainsley,Maitland-Niles,9,11,2,45,0,0,a,,,,,1.5,156,169,4.7,7.0,21,0,177,2,1,0,2,1,2,75,0.06,0.25,0.31,2.00,0.03,0.13,0.16,1.02,13,6.61,8,7,5,0,0.0,1.02,,,,4.7,4.7,0,1.0,4.7
650,Affengruber,David,Affengruber,10,54,2,45,0,0,a,,,,,0.6,167,13,4.3,4.3,13,1,219,3,0,0,1,1,0,46,0.08,0.02,0.10,2.95,0.03,0.01,0.04,1.21,26,10.68,22,8,4,0,0.0,1.23,,,,4.3,4.3,0,1.0,2.9
651,J.Angulo,Juan,Angulo,20,56,4,45,0,0,a,,,,,0.8,294,172,0.0,0.0,0,0,0,0,0,0,0,0,0,0,0.00,0.00,0.00,0.00,0,0,0,0,0,0,0,0,0,0,0,0,,,,0.0,0.0,0,0.0,0.0
652,Azeez,Femi,Azeez,5,36,3,55,0,0,i,0,0,Hamstring injury - Expected back 18 Oct,2026-09-04T11:30:08.661589Z,0.0,0,2,0.0,0.0,0,0,0,0,0,0,0,0,0,0,0.00,0.00,0.00,0.00,0,0,0,0,0,0,0,0,0,0,0,0,,,,0.0,0.0,0,0.0,0.0
653,Samba,Floyd,Samba,15,43,3,45,0,0,a,,,,,0.0,13,8,0.0,0.0,0,0,0,0,0,0,0,0,0,0,0.00,0.00,0.00,0.00,0,0,0,0,0,0,0,0,0,0,0,0,,,,0.0,0.0,0,0.0,0.0
654,Graham,Braiden,Graham,9,11,3,45,0,0,a,,,,,0.1,10,20,0.0,0.0,0,0,0,0,0,0,0,0,0,0,0.00,0.00,0.00,0.00,0,0,0,0,0,0,0,0,0,0,0,0,,,,0.0,0.0,0,0.0,0.0
655,Gboho,Yann,Gboho,7,9,3,55,0,0,a,,,,,0.0,3,0,0.0,0.0,0,0,0,0,0,0,0,0,0,0,0.00,0.00,0.00,0.00,0,0,0,0,0,0,0,0,0,0,0,0,,,,0.0,0.0,0,0.0,0.0
656,Mfuni,Stephen,Mfuni,7,9,2,40,0,0,a,,,,,0.1,37,21,2.0,6.0,6,0,90,1,0,0,1,0,0,27,0.00,0.01,0.01,1.10,0.0,0.01,0.01,1.1,8,8.0,7,3,1,0,0.0,1.0,,,,2.0,2.0,0,0.5,1.5
657,Nunes,Gustavo,Nunes Fernandes Gomes,4,94,3,45,0,0,a,,,,,0.0,11,8,0.0,0.0,0,0,0,0,0,0,0,0,0,0,0.00,0.00,0.00,0.00,0,0,0,0,0,0,0,0,0,0,0,0,,,,0.0,0.0,0,0.0,0.0
658,Ibrahim,Younes,Ibrahim,5,36,3,45,0,0,a,,,,,0.0,14,8,0.0,0.0,0,0,0,0,0,0,0,0,0,0,0.00,0.00,0.00,0.00,0,0,0,0,0,0,0,0,0,0,0,0,,,,0.0,0.0,0,0.0,0.0
659,Miley,Mason,Miley,17,4,3,45,0,0,a,,,,,0.0,49,26,0.0,0.0,0,0,0,0,0,0,0,0,0,0,0.00,0.00,0.00,0.00,0,0,0,0,0,0,0,0,0,0,0,0,,,,0.0,0.0,0,0.0,0.0
660,Fredrick,Benjamin,Fredrick,4,94,2,40,0,0,a,,,,,0.0,15,2,0.0,0.0,0,0,0,0,0,0,0,0,0,0,0.00,0.00,0.00,0.00,0,0,0,0,0,0,0,0,0,0,0,0,,,,0.0,0.0,0,0.0,0.0
661,Balcombe,Ellery,Balcombe,4,94,1,40,0,0,a,,,,,0.1,41,11,0.0,0.0,0,0,0,0,0,0,0,0,0,0,0.00,0.00,0.00,0.00,0,0,0,0,0,0,0,0,0,0,0,0,,,,0.0,0.0,0,0.0,0.0
662,Nicoll-Jazuli,Mahdi,Nicoll-Jazuli,6,8,3,45,0,0,a,,,,,0.0,1,6,0.5,1.0,1,0,3,0,0,0,0,1,0,5,0.00,0.00,0.00,0.43,0.0,0.0,0.0,12.9,2,60.0,0,0,2,0,0.0,0.0,,,,0.5,0.5,0,0.1,0.2
663,Pivas,Miodrag,Pivas,17,4,2,40,0,0,a,,,,,0.0,13,4,0.0,0.0,0,0,0,0,0,0,0,0,0,0,0.00,0.00,0.00,0.00,0,0,0,0,0,0,0,0,0,0,0,0,,,,0.0,0.0,0,0.0,0.0
664,Salia,Vakhtang,Salia,17,4,4,45,0,0,a,,,,,0.2,498,71,0.0,0.0,0,0,0,0,0,0,0,0,0,0,0.00,0.00,0.00,0.00,0,0,0,0,0,0,0,0,0,0,0,0,,,,0.0,0.0,0,0.0,0.0
665,Mills,Michael,Mills,17,4,3,45,0,0,a,,,,,0.0,2,0,0.0,0.0,0,0,0,0,0,0,0,0,0,0,0.00,0.00,0.00,0.00,0,0,0,0,0,0,0,0,0,0,0,0,,,,0.0,0.0,0,0.0,0.0
666,Thompson,Kyran,Thompson,17,4,3,45,0,0,a,,,,,0.0,9,1,0.0,0.0,0,0,0,0,0,0,0,0,0,0,0.00,0.00,0.00,0.00,0,0,0,0,0,0,0,0,0,0,0,0,,,,0.0,0.0,0,0.0,0.0
667,Wright,James,Wright,2,7,1,40,0,0,a,,,,,0.2,209,20,0.0,0.0,0,0,0,0,0,0,0,0,0,0,0.00,0.00,0.00,0.00,0,0,0,0,0,0,0,0,0,0,0,0,,,,0.0,0.0,0,0.0,0.0
